title,price,rating,reviews,availablity,image_url
"Indoor Self Watering Planters with Drainage Holes and Saucers, 8, 7, 6.5, 6, 5.5, 5 Inches, Black, 6 Pots",$19.99,4.6 out of 5 stars,"3,546 ratings",In Stock,https://m.media-amazon.com/images/I/719MB0Tuw7L.__AC_SX300_SY300_QL70_ML2_.jpg
"Set of 2 Large Tall Planter for Indoor or Outdoor 24"" Flower Pots Tapered Tall Planters with Tray for Porch, Patio, Backyard, Large Planters for Outdoor Indoor Plants(Black)",$62.99,4.7 out of 5 stars,502 ratings,In Stock,https://m.media-amazon.com/images/I/714Y3Y1I9BL.__AC_SX300_SY300_QL70_ML2_.jpg
"Anyumocz 60 Pcs 1 Gallon Flexible Plant Nursery Pots,Thickened Soft Plastic Seedling Pot with Holes,Flower Plant Container for Succulents,Cuttings,Transplanting,Home Garden(Black)",$14.99,4.4 out of 5 stars,573 ratings,In Stock,https://m.media-amazon.com/images/I/8143GuNSe6L.__AC_SX300_SY300_QL70_ML2_.jpg
"MIXC 30 Packs 4"" Reinforced Clear Nursery Pots with Silicone Base for Easy Transplant, Transparent Plastic Plant Pot Reusable Seedling Pots Seed Starter Pots Flower Pot, Green",$20.99,4.8 out of 5 stars,740 ratings,In Stock,https://m.media-amazon.com/images/I/71gyI7G5ngL.__AC_SY300_SX300_QL70_ML2_.jpg
"MIXC 30 Packs 4"" Reinforced Clear Nursery Pots with Silicone Base for Easy Transplant, Transparent Plastic Plant Pot Reusable Seedling Pots Seed Starter Pots Flower Pot, Green",$20.99,4.8 out of 5 stars,740 ratings,In Stock,https://m.media-amazon.com/images/I/71gyI7G5ngL.__AC_SY300_SX300_QL70_ML2_.jpg
"Quarut Large Plastic 3 Pack16 inch Plant Pots,Whiskey Barrel Planters with Drainage Holes & Saucer.Flower Pots Imitation Wine Barrel Design for Indoor & Outdoor Garden Balcony Plants.7 Gallons(Brown)",$49.38,4.6 out of 5 stars,"6,040 ratings",In Stock,https://m.media-amazon.com/images/I/81m+QmXzU2L._AC_SY300_SX300_QL70_ML2_.jpg
"10 Inch 4 Pack Large Plant Pots, Plastic Flower Pot for Indoor & Outdoor with Drainage Holes & Saucer, Plaid Pattern Planters Garden Pots for Herbs",$19.79,4.5 out of 5 stars,477 ratings,In Stock,https://m.media-amazon.com/images/I/61IUuTymI2L.__AC_SX300_SY300_QL70_ML2_.jpg
"Pure Garden Lattice Design Planter Box – 14.75-Inch-Square Decorative Outdoor Flower or Plant Pot – Front Porch, Patio, and Garden Decor (Black)",$29.99,3.7 out of 5 stars,"2,637 ratings",In Stock,https://m.media-amazon.com/images/I/71aFbsqnCiL.__AC_SX300_SY300_QL70_ML2_.jpg
"Plant Pots 10/9/8/7.5/7 Inch Self Watering Pots, Set of 5 Plastic Planters with Drainage Holes and Saucers,Plastic Flower Pots,Nursery Planting Pot for Indoor Out Door Plants（White）",$26.99,4.6 out of 5 stars,"1,952 ratings",In Stock,https://m.media-amazon.com/images/I/71wXchjDuaL.__AC_SX300_SY300_QL70_ML2_.jpg
"Quarut 10 Inch Flower Pots Planters for Outdoor Indoor, 3 Pack Plastic Plant Pots with Drainage Hole & Tray, Modern Decorative Garden Pot with Saucer, planters for House (Gray)",$19.90,4.6 out of 5 stars,660 ratings,In Stock,https://m.media-amazon.com/images/I/71gcugnzA2L.__AC_SX300_SY300_QL70_ML2_.jpg
"6 inch Plant Pots, 5 Pack Flower Pots Outdoor Indoor, Planters with Drainage Holes and Tray Saucers（Multicolor）",$17.99,4.6 out of 5 stars,"1,700 ratings",In Stock,https://m.media-amazon.com/images/I/71m0nCAY3-L.__AC_SY300_SX300_QL70_ML2_.jpg
"Kante Tall Round Planter Set of 2, 13 Inch Tall Decorative Planter Pots for Outdoor Indoor Garden Patio Front Porch (Black)",$27.99,4.5 out of 5 stars,506 ratings,In Stock,https://m.media-amazon.com/images/I/81T6KRLY9lL.__AC_SX300_SY300_QL70_ML2_.jpg
"Amazon Basics Fluted Ceramic Round Planter, 10 in, White",$52.33,4.7 out of 5 stars,984 ratings,In Stock,https://m.media-amazon.com/images/I/71QzOO1mHGL.__AC_SX300_SY300_QL70_ML2_.jpg
"Gepege 6 Inch Beaded Ceramic Planter Set of 2 with Drainage Hole and Saucer for Plants, Indoor-Outdoor Large Round Succulent Orchid Flower Pot (Smoked Gray, Inner-pots not Larger Than 5 Inch)",$24.99,4.7 out of 5 stars,"4,181 ratings",In Stock,https://m.media-amazon.com/images/I/71PDS2VIDrL.__AC_SX300_SY300_QL70_ML2_.jpg
"Planter Pots with Drainage Holes - Lightweight, Durable, and Space-Saving Pots for Indoor and Outdoor - Versatile Functionality, Simple Modern Design, Set of 5 Plastic Planter Pots - Pink",$7.66,4.4 out of 5 stars,632 ratings,In Stock,https://m.media-amazon.com/images/I/71Yb7deh6FL.__AC_SY300_SX300_QL70_ML2_.jpg
"4 Pack 10 inch Plant Pots, Retro Pattern Planters with Drainage Holes and Saucer, Sturdy Plastic Garden Flower Pots for Indoor & Outdoor Plants",$19.89,4.7 out of 5 stars,397 ratings,In Stock,https://m.media-amazon.com/images/I/61yC-ycAU+L._AC_SY300_SX300_QL70_ML2_.jpg
Classic Home and Garden Vogue Planter Pots w/Pottery Quality Finish - Modern Indoor & Outdoor Flower Pots - UV-Resistant Porch Planters - Decorative Pot for Flowers & Herbs (8” Weathered Copper),$14.54,4.2 out of 5 stars,"6,045 ratings",In Stock,https://m.media-amazon.com/images/I/81WkO-2OItL.__AC_SX300_SY300_QL70_ML2_.jpg
"Window Box Planter, 7 Pack Plastic Vegetable Flower Planters Boxes 17 Inches Rectangular Flower Pots with Saucers for Indoor Outdoor Garden, Patio, Home Decor (Red)",$22.99,4.6 out of 5 stars,"2,970 ratings",In Stock,https://m.media-amazon.com/images/I/71mncjtyPTL.__AC_SX300_SY300_QL70_ML2_.jpg
"LE TAUCI 10 Inch Plant Pot, Ceramic Pots for Plants with Drainage Hole and Rubber Plug, Plant Pots Indoor for Home Garden Patio Office, Cylinder Flower Planter Pot, Neutral Gray",$54.99,4.7 out of 5 stars,385 ratings,In Stock,https://m.media-amazon.com/images/I/715l5MP4vPL.__AC_SX300_SY300_QL70_ML2_.jpg
"CosmoLiving by Cosmopolitan Metal Indoor Outdoor Planter Dome Large Planter Pot with Removable Stand, Set of 2 Planters 19"", 22""H, Gold",$60.23,4.6 out of 5 stars,661 ratings,In Stock,https://m.media-amazon.com/images/I/71zzuHE4P-L.__AC_SX300_SY300_QL70_ML2_.jpg
"The HC Companies Caribbean Planter Pot - Outdoor & Indoor Plant Pot with Drainage Hole & Plug - Rolled Rim Plastic Pots for Plants & Flowers - Decorative Plant Pot (10"" Black, Pack of 1)",$13.81,4.6 out of 5 stars,"6,038 ratings",In Stock,https://m.media-amazon.com/images/I/514uW8MESKL.__AC_SX300_SY300_QL70_ML2_.jpg
"Cute Ceramic Succulent Garden Pots, Planter with Drainage and Attached Saucer, Set of 5 -Plants Not Included (Round)",$22.99,4.6 out of 5 stars,"2,177 ratings",In Stock,https://m.media-amazon.com/images/I/81Y49HmhxZL.__AC_SX300_SY300_QL70_ML2_.jpg
"Quarut 4 Pack 10 inch Plant Pots,Upgrade Whiskey Barrel Planters with Drainage Holes & Saucer,Plastic Decoration Flower Pots Retro Design,Planters for Outdoor Indoor Garden Home Plants (Brown)",$19.93,4.6 out of 5 stars,"2,053 ratings",In Stock,https://m.media-amazon.com/images/I/712HiHpZxSL.__AC_SX300_SY300_QL70_ML2_.jpg
"Plant Pots 12/10/9 inch Set of 3, Self Watering Flower Pots Indoor Outdoor, Planters with Drainage Hole Saucer Reservoir, White",$28.99,4.6 out of 5 stars,831 ratings,In Stock,https://m.media-amazon.com/images/I/81yhgi63GXL.__AC_SX300_SY300_QL70_ML2_.jpg
"6 Inch 120 Pack Plastic Nursery Pots with Drainage Holes,Plastic Seed Starting Pots, Reusable Seedling Flower Plant Container for Succulents, Seedlings, Cuttings, Transplanting",$9.99,4.5 out of 5 stars,82 ratings,In Stock,https://m.media-amazon.com/images/I/81ABab1lf-L.__AC_SX300_SY300_QL70_ML2_.jpg
"QCQHDU 8 inch Plant Pot, 2 Pack Planters for Indoor Plants with Drainage Holes & Saucer, Outdoor Flower Pots Home Garden Modern Decor",$16.99,4.5 out of 5 stars,"7,105 ratings",In Stock,https://m.media-amazon.com/images/I/71smkmbWsgL.__AC_SX300_SY300_QL70_ML2_.jpg
"JERIA 30 Pack 6/5/4Inch Clear Nursery Pots with Drainage Holes, Clear Plant Pot for Planting, Transparent Plastic Plant Pots,Durable Seed Starting Pot for Succulents",$12.99,4.4 out of 5 stars,514 ratings,In Stock,https://m.media-amazon.com/images/I/710S4uX5gAL.__AC_SX300_SY300_QL70_ML2_.jpg
"Plant Pots Set of 5, 10"" Outside Diameter Flower Pots, 8.5"" Inner Diameter Planters with Drainage Hole, Durable Garden Pots Perfect for Indoor & Outdoor Plant Planting, Decor, Gray",$17.99,4.5 out of 5 stars,"1,016 ratings",In Stock,https://m.media-amazon.com/images/I/61usul6Br5L.__AC_SX300_SY300_QL70_ML2_.jpg
"WOUSIWER 10 inch Self Watering Planters, 2 Pack Large Plastic Plant Pots with Deep Reservior and High Drainage Holes for Indoor Outdoor Plants and Flowers, Black",$21.99,4.6 out of 5 stars,"2,868 ratings",In Stock,https://m.media-amazon.com/images/I/71qQLlDI-jL.__AC_SX300_SY300_QL70_ML2_.jpg
"12"" 10"" 9"" Large Self Watering Plant Pots, 3 Pack Flower Pots Planters with Multi Mesh Drainage Holes for Indoor Outdoor Garden Plants and Flowers",$28.99,4.6 out of 5 stars,918 ratings,In Stock,https://m.media-amazon.com/images/I/71EyLe+yBtL._AC_SY300_SX300_QL70_ML2_.jpg
"OJYUDD 60 Pack 1 Gallon Flexible Plant Nursery Pots,Thickened Soft Plastic Seed Starting Pots,Plastic Plant Container with Hole for Flower Seedling,Succulents,Cuttings,Transplanting(Black)",$13.99,4.4 out of 5 stars,217 ratings,Only 10 left in stock - order soon.,https://m.media-amazon.com/images/I/71UTayuPOlL.__AC_SX300_SY300_QL70_ML2_.jpg
"D'vine Dev Set of 2 Plants Pots, 6.5 Inch Ceramic Planter Pot for Plants with Drainage Hole and Saucer, White, 94-V-C-1",$39.99,4.8 out of 5 stars,"1,013 ratings",In Stock,https://m.media-amazon.com/images/I/71uerDiyDsL.__AC_SX300_SY300_QL70_ML2_.jpg
"Classic Home & Garden Whiskey Barrel Planters - Wooden Finish Flower Planter Pot - Decorative Garden Pots - Indoor & Outdoor Resin Planters - Weather-Resistant Planting Pots (15” Oak Brown, Pack Of 1)",$26.75,4.5 out of 5 stars,"13,941 ratings",In Stock,https://m.media-amazon.com/images/I/81PjkBDvuOL.__AC_SX300_SY300_QL70_ML2_.jpg
"LE TAUCI Plant Pots, 4.1+5.1+6.5 inch, Set of 3, Ceramic Planters with Drainage Hole and Saucer, Indoor Flower Pot with Hole Mesh Pad, Gifts for Mom, Reactive Glaze Beige",$34.99,4.7 out of 5 stars,"2,458 ratings",In Stock,https://m.media-amazon.com/images/I/71tK8C9wGUL.__AC_SX300_SY300_QL70_ML2_.jpg
Plant Pots Indoor with Saucers & Drainage - 6 Pack Flower Pots - Plastic Planters for Indoor Planter - 7.5/6.6/5.8/5.0/4.3/3.5 inches Sizes for All Different Types of Plants - White,$16.99,4.5 out of 5 stars,302 ratings,,https://m.media-amazon.com/images/I/71thDqp79dL.__AC_SX300_SY300_QL70_ML2_.jpg
"Land Guard 4-Pack Fabric Grow Bags 5 Gallon, Thickened Nonwoven Garden Pots, Growing Bags with Handles, Black",$5.99,4.3 out of 5 stars,"2,474 ratings",In Stock,https://m.media-amazon.com/images/I/81p-0Ifr9KL.__AC_SX300_SY300_QL70_ML2_.jpg
Ceramic Modern Glaze Succulent Planter Pot with Drainage Hole and Saucer 6 Inch Round Flower Plant Pot for Indoor Outdoor Herb Snake Plants,$16.99,4.6 out of 5 stars,"1,523 ratings",In Stock,https://m.media-amazon.com/images/I/717ozDpPN9L.__AC_SX300_SY300_QL70_ML2_.jpg
"Quarut 10 Inch Flower Pots for Outdoor Indoor, 3 Pack Plastic Plant Pots with Drainage Hole & Tray, Modern Decorative Garden Pot with Saucer, planters for House (Black Copper)",$18.99,4.6 out of 5 stars,691 ratings,In Stock,https://m.media-amazon.com/images/I/81Bp9EfFhtL.__AC_SY300_SX300_QL70_ML2_.jpg
"FaithLand 6-Pack 6-Inch Plastic Plant Pots with Saucers | Thickened PP Material, Modern Wave Texture, Enhanced Drainage for Indoor/Outdoor Garden Plants | Multicolor Value Set",$15.99,4.7 out of 5 stars,274 ratings,In Stock,https://m.media-amazon.com/images/I/71F2AEaH1lL.__AC_SX300_SY300_QL70_ML2_.jpg
"The HC Companies Eclipse Square Plastic Planter w/Attached Saucer - Outdoor & Indoor Plant Pot with Drainage Holes - Lightweight, UV-Resistant Plastic Pots for Plants (12"" Black, Pack of 2)",$32.95,4.4 out of 5 stars,"2,533 ratings",In Stock,https://m.media-amazon.com/images/I/51QVgoz0FKL.__AC_SX300_SY300_QL70_ML2_.jpg
"6 inch Terracotta & Clay Pots for Plants with Saucer, Medium Terra Cotta Plant Pots with Drainage Hole, Flowerpot with Tray, Terracotta Pot for Indoor Outdoor Plant - Pack of 4 Planters",$19.06,4.7 out of 5 stars,"1,037 ratings",In Stock,https://m.media-amazon.com/images/I/71sxPvtSM3L.__AC_SX300_SY300_QL70_ML2_.jpg
"4 Inch Plant Pots, 6 Pack Indoor Flower Pots, Planters with Drainage Holes and Trays for Orchids, Violets, Succulents, Herbs, and Other Plants,Corolful",$9.99,4.6 out of 5 stars,321 ratings,In Stock,https://m.media-amazon.com/images/I/712dRcerdNL.__AC_SX300_SY300_QL70_ML2_.jpg
"Vintage Grey Ceramic Ice Crack Flower Pot with Drainage Holes, Country Rustic Planters for Indoor and Outdoor,Tuscan Decor,Home,Living Room, Garden Decor, Gardening Gift",$22.99,4.8 out of 5 stars,278 ratings,In Stock,https://m.media-amazon.com/images/I/71oijv33Y6L.__AC_SX300_SY300_QL70_ML2_.jpg
"Large Flower Pots Set of 4 Pack 13 inch, Plant Pots Large Outdoor Planters with Drainage Hole & Tray Saucer, Decoration Plastic Pots for Plants for Indoor Outdoor Garden Home Plants Planter (Grey)",$35.99,4.6 out of 5 stars,72 ratings,In Stock,https://m.media-amazon.com/images/I/71nD+7bnmFL._AC_SY300_SX300_QL70_ML2_.jpg
"Mr. Stacky 1305-HG 5-Tier Stackable Strawberry, Herb, Flower, & Vegetable Planter - Vertical Gardening Indoor / Outdoor Stacking Garden Pots Hunter Green, 22.5 Quarts",$19.58,4.3 out of 5 stars,"5,346 ratings",In Stock,https://m.media-amazon.com/images/I/61ue9T4KMGL.__AC_SX300_SY300_QL70_ML2_.jpg
"Modern Plant Pots Set, 9/8/7.5 inch Plastic Planters for Indoor Plants, Stylish Flower Pots with Drainage Holes and Saucers for House Plants and Flowers, Black",$22.89,4.7 out of 5 stars,395 ratings,In Stock,https://m.media-amazon.com/images/I/81uCC0822XL.__AC_SX300_SY300_QL70_ML2_.jpg
"Ton Sin Grey Flower Pots,Texture Planter for Indoor Plants Set of 3 Ceramic Flower Pots with Saucer,Cute Garden Pots Succulent Pots（3 Pack,Grey",$21.99,4.6 out of 5 stars,"2,311 ratings",In Stock,https://m.media-amazon.com/images/I/71AVevzYvCL.__AC_SX300_SY300_QL70_ML2_.jpg
Smily Face Planter Pot Cute Resin Flower Head Planters for Indoor Outdoor Unique Sit Rocking Chair Succulent Pots Gift IdeaI for Mother and Appreciation Christmas with Drainage Hole,$17.99,4.6 out of 5 stars,696 ratings,In Stock,https://m.media-amazon.com/images/I/71wrn2ZUAPL.__AC_SX300_SY300_QL70_ML2_.jpg
Fox & Fern 14.6 Inch Extra Large Planter — Premium Lightweight Fiberstone Matte White Plant Pot with Drainage Plug; Big Planter for Indoor & Outdoor Use; Weather Resistant & UV Resistant,$99.99,4.7 out of 5 stars,"7,289 ratings",In Stock,https://m.media-amazon.com/images/I/71Dp6meibSL.__AC_SX300_SY300_QL70_ML2_.jpg
"WOUSIWER 16 Pack 6 inch Plastic Planters for Indoor Flower Pots, Heavy Duty and Stylish 6 Inch Plant Pots for Indoor Plants with Drainage Holes and Tray for Plants, Flowers, White",$20.99,4.8 out of 5 stars,"2,593 ratings",In Stock,https://m.media-amazon.com/images/I/61ZCq9PaJkL.__AC_SX300_SY300_QL70_ML2_.jpg
Fun & Unique Sun Face Hanging Planter Quirky Celestial Decor for Plant Lovers – Indoor Outdoor Flower Basket for Succulents & Small Plants – Decorative Garden Yard Art,$37.95,4.6 out of 5 stars,177 ratings,In Stock,https://m.media-amazon.com/images/I/9101E4hV1HL.__AC_SX300_SY300_QL70_ML2_.jpg
Fun & Unique Sun Face Hanging Planter Quirky Celestial Decor for Plant Lovers – Indoor Outdoor Flower Basket for Succulents & Small Plants – Decorative Garden Yard Art,$37.95,4.6 out of 5 stars,177 ratings,In Stock,https://m.media-amazon.com/images/I/9101E4hV1HL.__AC_SX300_SY300_QL70_ML2_.jpg
"Plant Pots 10/9/8/7.5/7 inch Set of 5,Flower Pots with Multi Mesh Drainage Holes, Large Planters for Indoor Outdoor Garden Plants and Flowers. (Black)",$25.99,4.6 out of 5 stars,800 ratings,In Stock,https://m.media-amazon.com/images/I/71Ngb+1wAPL._AC_SY300_SX300_QL70_ML2_.jpg
"30 Packs Clear Nursery Pots for Plants, 3.5/4/5 Inch High Transparency Plastic Seedling Plant Pot with Drainage Holes, Includes 20 Labels",$9.98,4.6 out of 5 stars,"1,069 ratings",In Stock,https://m.media-amazon.com/images/I/71HoQkxY9pL.__AC_SY300_SX300_QL70_ML2_.jpg
"7 Pack 8 Inch Clear Nursery Pots with Saucer, Transparent Plastic Plant Pot with Drainage Holes, Sturdy Plant Starter Pots, Planter Pot for Planting Succulent Flower Herb Vegetable, Gardening Gifts",$21.36,4.6 out of 5 stars,612 ratings,In Stock,https://m.media-amazon.com/images/I/61oe3tGindL.__AC_SX300_SY300_QL70_ML2_.jpg
"Quarut 12 Inch Large Planter Pot for Plants Indoor Outdoor, 4 Pack Plastic Flower Pots with Drainage Hole & Tray, Modern Decorative Garden Pot with Saucer, Plant Container for House（Brown）",$26.99,4.6 out of 5 stars,691 ratings,In Stock,https://m.media-amazon.com/images/I/71NMM9h4SeL.__AC_SX300_SY300_QL70_ML2_.jpg
"5 Pack 5 Gallon Grow Bags, Thickened Aeration Nonwoven Fabric Plant Pots with Handles, Heavy Duty 300G Garden Planting Bag for Tomato, Potato, Strawberry, Vegetable, Fruits and Flowers",$8.99,4.7 out of 5 stars,119 ratings,In Stock,https://m.media-amazon.com/images/I/81ubnUFmzcL.__AC_SX300_SY300_QL70_ML2_.jpg
"Plant Pots 8 Inch Set of 2, Flower Pots with Multi Mesh Drainage Holes, Planters for Indoor Outdoor Garden Plants and Flowers (White)",$16.89,4.7 out of 5 stars,"1,246 ratings",In Stock,https://m.media-amazon.com/images/I/71kJzl4PMbL.__AC_SX300_SY300_QL70_ML2_.jpg
"30 Packs 6.7/5/4 Inch Reinforced Clear Nursery Pots with Drainage Hole, Transparent Variety Pack Plastic Plant Pot Seedling Planter Seed Starter Flower",$20.99,4.6 out of 5 stars,"2,537 ratings",In Stock,https://m.media-amazon.com/images/I/81DJHCXoSBL.__AC_SX300_SY300_QL70_ML2_.jpg
"LE TAUCI Ceramic Pots for Plants, 10+8+6 Inch Indoor Plant Pots, Modern Planters for Indoor Plants Home Office, Cylinder Round Planters with Drainage Hole and Plug, Set of 3, White",$59.99,4.6 out of 5 stars,753 ratings,In Stock,https://m.media-amazon.com/images/I/513dgxYhWvL.__AC_SX300_SY300_QL70_ML2_.jpg
"7.5/6.5/5.5/4.9/4.2/3.5 Inch Plant Pots with Saucers & Drain Holes - Indoor/Outdoor Flower Pots for Succulents, Herbs, Cactus - Modern Lightweight Durable Planter Set, Blue",$15.99,4.5 out of 5 stars,"1,054 ratings",,https://m.media-amazon.com/images/I/61HtVwuZCKL.__AC_SX300_SY300_QL70_ML2_.jpg
"4 Pack 12 inch Plant Pots, Retro Pattern Planters with Drainage Holes and Saucer, Sturdy Plastic Garden Flower Pots for Indoor & Outdoor Plants",$29.99,4.7 out of 5 stars,397 ratings,In Stock,https://m.media-amazon.com/images/I/61AfjbYBXzL.__AC_SX300_SY300_QL70_ML2_.jpg
"Plastic-Plant-Flower-Planters-10 Inch with Drainage Hole & Saucer, 3 Packs Lightweight Small Resin Flower Pot Indoor Outdoor, Retro Antique Imitation Decorative Garden Containers Sets for Houseplants",$18.99,4.6 out of 5 stars,"3,065 ratings",In Stock,https://m.media-amazon.com/images/I/81W474zuoLL.__AC_SX300_SY300_QL70_ML2_.jpg
"Abstract Face Planters Pots Head,Unique Head Planter for Indoor Plants,Funny Face Flower Pot,Colorful Plant Pots for Outdoor Garden Decor and Home Art Decoration(Classic)",$27.71,4.8 out of 5 stars,515 ratings,In Stock,https://m.media-amazon.com/images/I/71R7IVeIITL.__AC_SX300_SY300_QL70_ML2_.jpg
"4 Pack 10 Inch Retro Plant Pots, Vintage Striped Flower Pots with Drainage Hole & Saucer, Large Plastic Planters for Indoor and Outdoor Plants, Decorative Garden Pots(Copper)",$24.99,4.7 out of 5 stars,42 ratings,In Stock,https://m.media-amazon.com/images/I/81xdK08o9XL.__AC_SX300_SY300_QL70_ML2_.jpg
"5 Pack 10.5 inch Plant Pots,Planter-Pots-for-Plants，Plastic Flower Pot for Indoor Outdoor Plants with Drainage Holes & Trays, Decorative Garden Containers Sets for Houseplants",$18.99,4.6 out of 5 stars,299 ratings,In Stock,https://m.media-amazon.com/images/I/715ll3+JOPL._AC_SY300_SX300_QL70_ML2_.jpg
"GARDIFE Plant Pots 7/6.5/6/5.5/5 Inch Self Watering Planters with Drainage Hole, Plastic Flower Pots, Nursery Planting Pot for All House Plants, African Violet, Flowers, and Cactus,Green",$19.99,4.6 out of 5 stars,"4,142 ratings",In Stock,https://m.media-amazon.com/images/I/61fk-CPe61L.__AC_SX300_SY300_QL70_ML2_.jpg
"Elly Décor 12 inch Plastic Cylinder Planter Pot with Self-Watering Saucer and Drainage Hole,Lightweight & Extremely Durable, 12""x 12"", Black",$26.24,4.6 out of 5 stars,677 ratings,In Stock,https://m.media-amazon.com/images/I/71AC+SxNetL._AC_SY300_SX300_QL70_ML2_.jpg
"Plant Pots with Drainage Holes and Saucers – 7, 6.5, 6, 5, 4 Inch Plastic Planters for Indoor Outdoor Plants, Modern Matte Finish, Lightweight & Durable（Black）",$16.99,4.5 out of 5 stars,91 ratings,In Stock,https://m.media-amazon.com/images/I/61bLqrnwEFL.__AC_SX300_SY300_QL70_ML2_.jpg
"Plant Pots Indoor 7/6.5/6/5.5/5 Inch Self Watering Planters for Indoor Plants with Drainage Hole, Plastic Flower Pots for Succulents, African Violet (Green)",$16.99,4.6 out of 5 stars,"1,949 ratings",In Stock,https://m.media-amazon.com/images/I/61Sj9LlYqEL.__AC_SX300_SY300_QL70_ML2_.jpg
"VIVOSUN 5-Pack 15 Gallon Plant Grow Bags, Heavy Duty Thickened Nonwoven Fabric Pots with Handles",$26.99,4.6 out of 5 stars,"61,337 ratings",Only 18 left in stock - order soon.,https://m.media-amazon.com/images/I/81gCJJns9FL.__AC_SX300_SY300_QL70_ML2_.jpg
"Set of 8 Plastic Planter, 10/9/8/7.5/6.5/5.7/5/4inch Plastic Planter, Flower Pot Indoor Decorative Large Plant Pot, Plant Pots Indoor with Drainage and Saucer for All House Plants (Set of 8)",$17.20,4.6 out of 5 stars,161 ratings,In Stock,https://m.media-amazon.com/images/I/71g7MqMacxL.__AC_SX300_SY300_QL70_ML2_.jpg
"WOUSIWER 16 Pack 6 inch Plastic Planters for Indoor Flower Pots, Heavy Duty and Stylish 6 Inch Plant Pots for Indoor Plants with Drainage Holes and Tray for Plants, Flowers, Black",$21.99,4.8 out of 5 stars,"2,593 ratings",In Stock,https://m.media-amazon.com/images/I/71NHbNwLFCL.__AC_SX300_SY300_QL70_ML2_.jpg
"vancasso Ceramic Plant Pots, 4+5+6 inches, Set of 3, Planters with Drainage Hole, Flower Pots Planters Pots for Indoor Plants, Modern Indoor Decorative Garden Pot, Home Decor, White",$26.99,4.7 out of 5 stars,43 ratings,Only 1 left in stock - order soon.,https://m.media-amazon.com/images/I/71rthCFrPWL.__AC_SX300_SY300_QL70_ML2_.jpg
"16 Inch Large Outdoor Plant Pot, 4 Pack Thickened Flower Pots with Drainage Holes & Saucer, Pebbles Pattern Design Tree Planters Outdoor for Garden Porch Home",$37.99,4.6 out of 5 stars,381 ratings,In Stock,https://m.media-amazon.com/images/I/717cvpsCNgL.__AC_SX300_SY300_QL70_ML2_.jpg
"SQOWL 10 Inch Plant Pot - Ceramic Planter Pot with Drainage Hole and Saucer, Decorative Plant Pot for Indoor Outdoor Plants, Round Large Planter Flower Pot, Blue",$43.59,4.7 out of 5 stars,370 ratings,In Stock,https://m.media-amazon.com/images/I/81ew93kNe4L.__AC_SX300_SY300_QL70_ML2_.jpg
"Land Guard Galvanized Raised Garden Bed Kit, Galvanized Planter Garden Boxes Outdoor, Oval Large Metal Raised Garden Beds for Vegetables…………",$28.41,4.5 out of 5 stars,"10,985 ratings",In Stock,https://m.media-amazon.com/images/I/61I+l9IhJWL._AC_SY300_SX300_QL70_ML2_.jpg
"Deep Dream 6 Inch Plant Pots- Ceramic Planter Pot with Drainage Hole and Saucer, Round Flower Pot for Indoor Outdoor Succulent, Snake Plants and Cactus, Blue",$16.98,4.8 out of 5 stars,80 ratings,In Stock,https://m.media-amazon.com/images/I/81Bl36+274L._AC_SY300_SX300_QL70_ML2_.jpg
"10-inch-Plant-Pots-Indoor-Outdoor, 4 Pack Whiskey Barrel Planters with Drainage Holes & Saucer, Plastic Flower Pots Imitation Wine Barrel Design, Decorative Garden Pots for Plants",$21.99,4.6 out of 5 stars,100 ratings,Only 6 left in stock - order soon.,https://m.media-amazon.com/images/I/81FKEg1+DsL._AC_SY300_SX300_QL70_ML2_.jpg
"LE TAUCI Fluted Ceramic Planters Set of 3 – 8.3/7 / 5.7 in Dark Olive Reactive Cylinder Indoor Plant Pots with Drainage Plug & Mesh, Glossy Stoneware Flower Pots for Succulents Herbs",$53.99,4.7 out of 5 stars,844 ratings,In Stock,https://m.media-amazon.com/images/I/71tj3ioXFsL.__AC_SY300_SX300_QL70_ML2_.jpg
"6 Pack 10 inch Plant Pot, Round Plastic Plant Pots, Outdoor Pots for Plants with Drainage Hole & Tray Saucer, Decoration Flower Pots for Indoor Plants Home Garden Outdoor Planters (Grey)",$22.99,4.6 out of 5 stars,111 ratings,In Stock,https://m.media-amazon.com/images/I/71jP0tpoKwL.__AC_SX300_SY300_QL70_ML2_.jpg
"Plastic Flower Pots Planters for Indoor Plants, 3 Pack 10 Inch White Plant Pots with Drainage Hole & Tray, Modern Decorative Large Plant Pot with Saucer for Indoor Outdoor Plants Garden House Planter",$12.79,4.6 out of 5 stars,834 ratings,In Stock,https://m.media-amazon.com/images/I/71E8uqBLgML.__AC_SX300_SY300_QL70_ML2_.jpg
"4 Inch Terracotta Pot with Saucer - 6 Pack Small Clay Plant Pots with Drainage Holes, Flower Pots with Tray, Terra Cotta Pots for Indoor Outdoor Plants, Crafts, Wedding Favor",$16.99,4.7 out of 5 stars,837 ratings,In Stock,https://m.media-amazon.com/images/I/61FkRycJ7WL.__AC_SX300_SY300_QL70_ML2_.jpg
"4 Inch Plastic Plant Pots 6 Pack, Small Flower Pots with Drainage Holes and Tray, Thickened Indoor Planters Seedlings Nursery Pots, African Violet, Succulent and All House Plants, Black",$8.99,4.6 out of 5 stars,"1,366 ratings",In Stock,https://m.media-amazon.com/images/I/716SabdhgPL.__AC_SX300_SY300_QL70_ML2_.jpg
"3 Pack Flower Pots Outdoor 11 Inch Plant Pots Indoor, Large-Plastic-Plant-Flower-Planters-Pots with Drainage Hole & Tray, Modern Decorative Garden Pot with Saucer(Brown)",$19.94,4.6 out of 5 stars,351 ratings,In Stock,https://m.media-amazon.com/images/I/71bgr2xE05L.__AC_SX300_SY300_QL70_ML2_.jpg
"LE TAUCI Ceramic Planters, 12 Inch Pots for Plants, Indoor Plant Pots with Drainage Holes and Saucers, Modern Planters Fit Mid Century Plant Stand, Flower Pots for Indoor Plants, Reactive Glaze Beige",$72.99,4.7 out of 5 stars,222 ratings,In Stock,https://m.media-amazon.com/images/I/71brEtXx1sL.__AC_SX300_SY300_QL70_ML2_.jpg
"Plant Planters Pots Set of 4 Pack 8 Inch, Plastic Flower Pot for Indoor Plants with Drainage Holes & Trays, Resin Decorative Container Sets with Saucer for House Outdoor Garden Planters Copper",$18.99,4.6 out of 5 stars,"1,335 ratings",In Stock,https://m.media-amazon.com/images/I/71zWMQTy8GL.__AC_SX300_SY300_QL70_ML2_.jpg
"6 Pack 6 Inch Terracotta & Clay Pots with Saucer for Plants, Large Terra Cotta Plant Pot with Drainage Hole, Flowerpot for Indoor Outdoor Plants, Crafts, Wedding Favor",$18.99,4.8 out of 5 stars,12 ratings,In Stock,https://m.media-amazon.com/images/I/61Xum0yvsDL.__AC_SX300_SY300_QL70_ML2_.jpg
"60 Pack 3.5/4/5/6/7 Inch Clear Nursery Pots with Drainage Hole,Variety Sizes Seed Starting Pots Transparent Plastic Plant Pots for Plants Transparency with 50 Plant Labels",$19.99,4.4 out of 5 stars,175 ratings,In Stock,https://m.media-amazon.com/images/I/81IsyOiK+IL._AC_SY300_SX300_QL70_ML2_.jpg
"45 Pack 7/6/5/4/3 Inch Clear Nursery Pots for Plants, Clear Plastic Plant Pots with Drainage Holes, Transparent Variety Pack Flexible Garden Pot for Outdoor Indoor, Seed Starting Pots",$20.99,4.6 out of 5 stars,334 ratings,In Stock,https://m.media-amazon.com/images/I/613nORjPH+L._AC_SY300_SX300_QL70_ML2_.jpg
"GroTheory 100 Pack 1 Gallon Nursery Pots, 6.7 Inch Plastic Pots for Plants, Plastic Flower Pots, Plastic Plant Pot, Seedling Pots for Potting, Seed, Succulent, Planting Pots with Plant Labels",$29.99,4.6 out of 5 stars,216 ratings,In Stock,https://m.media-amazon.com/images/I/71gCa+rzScL._AC_SY300_SX300_QL70_ML2_.jpg
"vancasso Ceramic Plant Pots, 3 Piece Planters for Indoor Plants, 4.25+5.25+6.25 Inch Flower Pots with Drainage, Plant Pots Indoor for Succulent, Pothos, Snake Plant and Money Tree, Etc (Khaki)",$32.99,4.5 out of 5 stars,101 ratings,In Stock,https://m.media-amazon.com/images/I/71gY92-DTsL.__AC_SX300_SY300_QL70_ML2_.jpg
"10 Pack Green Plastic Planter Pots, 10 Inch Thick with Multiple Drainage Holes, for Herbs, Strawberries, Flowers - Indoor/Outdoor",$35.99,4.6 out of 5 stars,920 ratings,In Stock,https://m.media-amazon.com/images/I/71itTQdhOTL.__AC_SX300_SY300_QL70_ML2_.jpg
"LE TAUCI 6+8+10 Inch Plant Pots Indoor, Ceramic Planters for Indoor Plants, Cylinder Pots with Drainage Hole and Plug, Planter Pots for Home Office Room Patio, Set of 3, Neutral Gray",$65.99,4.7 out of 5 stars,117 ratings,In Stock,https://m.media-amazon.com/images/I/81533Jo4jXL.__AC_SX300_SY300_QL70_ML2_.jpg
"Vintage Ceramic Ice Crack Flower Pot with Drainage Holes, Country Rustic Planters for Indoor and Outdoor,Tuscan Decor,Home,Living Room, Garden Decor, Gardening Gift (Country)",$19.99,4.8 out of 5 stars,278 ratings,In Stock,https://m.media-amazon.com/images/I/81fYq5NROtL.__AC_SX300_SY300_QL70_ML2_.jpg
"40 Pack 3 Gallon Nursery Plant Pots,10 Inch Plastic Garden Flower Seedling Planter Pot with Drainage Holes for Outdoor Indoor Plants,Gardening Gifts",$44.98,5.0 out of 5 stars,2 ratings,In Stock,https://m.media-amazon.com/images/I/71L2FBGKa7L.__AC_SX300_SY300_QL70_ML2_.jpg
"iPower Plant Pots with Drainage-5Pcs Home Decor Flower Pots for Indoor Planter, Plastic Planters, Cactus, Succulents, Herbs and Flower Pot, White, 5 Count (Pack of 1) New",$17.03,4.5 out of 5 stars,100 ratings,In Stock,https://m.media-amazon.com/images/I/81fpAQJ5zNL.__AC_SX300_SY300_QL70_ML2_.jpg
"11.8 H x 14.5"" Dia (10"" Pot Opening) Plastic Round Black Planters for Outdoor Plants, Resin Flower Pot for Indoor and Outdoor Plants, Plant Pot with Drainage Holes and Plug for Home Patio Garden",$59.99,4.2 out of 5 stars,49 ratings,In Stock,https://m.media-amazon.com/images/I/71lu4NXemfL.__AC_SX300_SY300_QL70_ML2_.jpg
"Plant Pots,12/10/9/8/ Inch Large Plastic Self Watering Flower Pots Indoor Outdoor with Drainage Holes, Deep Reservoir,Nursery Planting Pot for Indoor Out Door Plants",$30.99,4.7 out of 5 stars,32 ratings,In Stock,https://m.media-amazon.com/images/I/71JvO28qGyL.__AC_SX300_SY300_QL70_ML2_.jpg
"12 inch Large Plant Pots, Plastic Planters with Drainage Holes and Saucers, Flower Pots for Indoor Outdoor Plants, Modern Decorative Pots for Garden House Plants, Black",$21.55,4.7 out of 5 stars,423 ratings,Only 7 left in stock - order soon.,https://m.media-amazon.com/images/I/71LXJgX6dIL.__AC_SX300_SY300_QL70_ML2_.jpg
"vancasso Ceramic Plant Pots, 4.25+5.25+6.25 Inch Planter Pot with Drainage Hole, Flower Pots for Indoor Outdoor Plants, Set of 3, White",$23.99,4.6 out of 5 stars,71 ratings,In Stock,https://m.media-amazon.com/images/I/71fiwAlEX5L.__AC_SX300_SY300_QL70_ML2_.jpg
"vancasso Ceramic Plant Pots, 4.25+5.25+6.25 Inch Planter Pot with Drainage Hole, Flower Pots for Indoor Outdoor Plants, Set of 3, White",$23.99,4.6 out of 5 stars,71 ratings,In Stock,https://m.media-amazon.com/images/I/71fiwAlEX5L.__AC_SX300_SY300_QL70_ML2_.jpg
"FaithLand 10-Inch Modern Cylinder Planter, Thick-Walled Plastic Plant Pot with Drainage Holes and Detachable Saucer, Matte White, Ideal for Indoor & Outdoor Plants Flowers",$36.95,4.7 out of 5 stars,93 ratings,In Stock,https://m.media-amazon.com/images/I/71kGNIKN6KL.__AC_SX300_SY300_QL70_ML2_.jpg
"Pure Garden Outdoor Planter 2-Pack - 16x18-Inch Urn Planters - Plastic Plant Pots for Indoor, Outdoor, or Front Porch Decor - Flower Pots (Black)",$69.95,4.6 out of 5 stars,26 ratings,,https://m.media-amazon.com/images/I/914O85u4aEL.__AC_SX300_SY300_QL70_ML2_.jpg
"Land Guard Galvanized Raised Garden Bed Kit, Galvanized Planter Garden Boxes Outdoor, Oval Large Metal Raised Garden Beds for Vegetables…………",$28.41,4.5 out of 5 stars,"10,985 ratings",In Stock,https://m.media-amazon.com/images/I/61I+l9IhJWL._AC_SY300_SX300_QL70_ML2_.jpg
"Creative Co-Op Stoneware Snail Planter, Reactive Glaze, (Each One Will Vary), Set of 2 Pieces",$20.99,4.8 out of 5 stars,223 ratings,Only 2 left in stock (more on the way).,https://m.media-amazon.com/images/I/81ktmv8pSkL.__AC_SX300_SY300_QL70_ML2_.jpg
"Keter Cylinder Set of 3 Rattan Resin Planter for Indoor and Outdoor Plants Ideal Decorative Planter for Porches and Patio Decor, Taupe",$79.99,4.8 out of 5 stars,361 ratings,In Stock,https://m.media-amazon.com/images/I/819hpewcckL.__AC_SX300_SY300_QL70_ML2_.jpg
"LE TAUCI Fluted Ceramic Planters Set of 3 – 8.3/7 / 5.7 in White Cylinder Indoor Plant Pots with Drainage Plug & Mesh, Matte Glazed Stoneware Flower Pots for Succulent Herb Cactus",$47.99,4.7 out of 5 stars,844 ratings,In Stock,https://m.media-amazon.com/images/I/715n3K1c+hL._AC_SY300_SX300_QL70_ML2_.jpg
"12/10/9 Large Modern Plant Pots, Plastic Planters with Drainage Holes and Saucers for Indoor Outdoor Plants Flowers, Black",$29.96,4.6 out of 5 stars,831 ratings,In Stock,https://m.media-amazon.com/images/I/81uCC0822XL.__AC_SX300_SY300_QL70_ML2_.jpg
"12"" 10"" 9"" Large Self Watering Plant Pots, 3 Pack Flower Pots Planters with Multi Mesh Drainage Holes for Indoor Outdoor Garden Plants and Flowers (Black)",$28.99,4.6 out of 5 stars,918 ratings,In Stock,https://m.media-amazon.com/images/I/713Z2JAxgIL.__AC_SX300_SY300_QL70_ML2_.jpg
"LE TAUCI 6+8+10 Inch Plant Pots Indoor, Ceramic Planters for Indoor Plants, Cylinder Pots with Drainage Hole and Plug, Planter Pots for Home Office Room Patio, Set of 3, Neutral Gray",$65.99,4.7 out of 5 stars,117 ratings,In Stock,https://m.media-amazon.com/images/I/81533Jo4jXL.__AC_SX300_SY300_QL70_ML2_.jpg
"11 inch Plant Pot, 3 Pack Large Pots for Plants, Flower Pots with Drainage Hole & Saucer, Modern Planters for Indoor Outdoor Plants, Decorative Plastic Garden Pots (Copper)",$21.26,4.6 out of 5 stars,296 ratings,In Stock,https://m.media-amazon.com/images/I/81mgdj5eUGL.__AC_SX300_SY300_QL70_ML2_.jpg
"Selamica Ceramic Plant Pots, 5.6 Inch Flower Pots for Indoor Plants, Planters with Drainage Hole and Saucer, Garden Pots for Succulent, Orchid, Home Decor, Set of 4, Assorted Colors",$33.99,4.8 out of 5 stars,713 ratings,In Stock,https://m.media-amazon.com/images/I/719+e3xJTIL._AC_SY300_SX300_QL70_ML2_.jpg
"6 Pack 10 inch Plant Pot, Outdoor Pots for Plants with Drainage Hole & Tray Saucer, Round Plastic Plant Pot, Decoration Flower Pots for Indoor Plants Home Garden Outdoor Planters (Beige)",$23.99,4.5 out of 5 stars,60 ratings,In Stock,https://m.media-amazon.com/images/I/71wRhPeIszL.__AC_SX300_SY300_QL70_ML2_.jpg
"6 inch Plastic Nursery Pots, 16 Pack Plant Pots for Indoor Outdoor Plants, Flower Pots with Drainage Holes and Saucers, Decorative Seedling Starter Planters for House Plants, White",$19.98,4.7 out of 5 stars,593 ratings,In Stock,https://m.media-amazon.com/images/I/61jw0IXItVL.__AC_SX300_SY300_QL70_ML2_.jpg
"D'vine Dev 10 Inch Planter Pot with Stand, Mid-Century Tall Plant Pot with Legs for Indoor Plants, Medium, Bronze/Grey, 88-L-B-6",$69.99,4.8 out of 5 stars,"1,000 ratings",In Stock,https://m.media-amazon.com/images/I/71foM4XNKFL.__AC_SX300_SY300_QL70_ML2_.jpg
"Large Plant Pots 12/10/9 inch, 3 Pack Big Flower Pots for Outdoor Indoor Plants with Water Ripples, Wide Plastic Planters with Drainage Holes and Saucers for Garden Home Decor, Blue Green",$27.96,4.6 out of 5 stars,242 ratings,In Stock,https://m.media-amazon.com/images/I/71jfrP2bg1L.__AC_SX300_SY300_QL70_ML2_.jpg
"10 Pack Green Plastic Planter Pots, 10 Inch Thick with Multiple Drainage Holes, for Herbs, Strawberries, Flowers - Indoor/Outdoor",$35.99,4.6 out of 5 stars,920 ratings,In Stock,https://m.media-amazon.com/images/I/71itTQdhOTL.__AC_SX300_SY300_QL70_ML2_.jpg
"Deep Dream 10 Inch Plant Pot- Ceramic Planter Pot Round Plant Pots for Indoor Plants Outdoor Large Flower Pot with Drainage Holes & Trays, Blue",$45.59,4.8 out of 5 stars,80 ratings,In Stock,https://m.media-amazon.com/images/I/81MOrCa8+NL._AC_SY300_SX300_QL70_ML2_.jpg
"The HC Companies Prima Round Plastic Plant Pot w/Rolled Rim - Lightweight & UV Resistant Flower Pot for Herbs & More - Outdoor & Indoor Plant Pots w/Drainage (16 inch, Warm Gray, Pack of 1)",$43.64,4.5 out of 5 stars,"1,149 ratings",Only 9 left in stock - order soon.,https://m.media-amazon.com/images/I/51EM3my6azL.__AC_SX300_SY300_QL70_ML2_.jpg
"Smiley Face Planter Pots for Indoor Outdoor Garden Decor, Cute Resin Plant Pot Head Planter with Drainage Hole, Unique Small Planter Succulent Pots Gift IdeaI for Mother and Christmas Home Art Decor",$13.59,4.6 out of 5 stars,135 ratings,Only 8 left in stock - order soon.,https://m.media-amazon.com/images/I/81NB3ilKUKL.__AC_SX300_SY300_QL70_ML2_.jpg
"Small Succulent Pots with Drainage, Indoor/Outdoor Ceramic Animal Planter, Cute Cactus/Bonsai Small Flower Pots for Home Decor and Office Desk Decoration, A Set of 4 Pieces is Suitable as A Gift",$23.39,4.8 out of 5 stars,"1,100 ratings",In Stock,https://m.media-amazon.com/images/I/71nd+-x7TWL._AC_SY300_SX300_QL70_ML2_.jpg
"PL10BG Classic Traditional Plastic Urn Planter Indoor/Outdoor 15"" x 13"", Beige",$18.99,4.4 out of 5 stars,"4,587 ratings",In Stock,https://m.media-amazon.com/images/I/61lwPwBWRUL.__AC_SX300_SY300_QL70_ML2_.jpg
"Plant Planters Pots Set of 4 Pack 10 Inch, Plastic Flower Pot for Indoor Plants with Drainage Holes & Trays, Resin Decorative Container Sets with Saucer for House Outdoor Garden Planters Dark Gold",$20.99,4.6 out of 5 stars,"1,335 ratings",In Stock,https://m.media-amazon.com/images/I/7107QRZeXJL.__AC_SX300_SY300_QL70_ML2_.jpg
"MyGift 14 Inch Ceramic Indoor Plant Pot, Rectangular Succulent Planter, Decorative Flower Planter with Drainage Hole and Removable Tray, Matte Black",$39.99,4.5 out of 5 stars,694 ratings,In Stock,https://m.media-amazon.com/images/I/51Mgp5BETVL.__AC_SX300_SY300_QL70_ML2_.jpg
"iPower 5 Gallon 5 Pack Grow Bags Nonwoven Fabric Pots Aeration Container with Strap Handles for Garden and Planting, 5-Pack Black, 5 Gallon",$12.15,4.6 out of 5 stars,"6,237 ratings",In Stock,https://m.media-amazon.com/images/I/7166FRpzfbL.__AC_SY300_SX300_QL70_ML2_.jpg
"The HC Companies Caribbean Planter Pot - Outdoor & Indoor Plant Pot with Drainage Hole & Plug - Rolled Rim Plastic Pots for Plants & Flowers - Decorative Plant Pot (16"" Cottage Stone, Pack of 1)",$21.83,4.6 out of 5 stars,"6,038 ratings",In Stock,https://m.media-amazon.com/images/I/510nFjce7vL.__AC_SX300_SY300_QL70_ML2_.jpg
"Red Lantern 12"" Ladies Blue & White Porcelain Fishbowl Planter or Cachepot for Indoor/Outdoor Use in Garden Entryway Living Room Boho Eclectic Modern Contemporary Classic Traditional Style Decor",$82.99,4.6 out of 5 stars,836 ratings,In Stock,https://m.media-amazon.com/images/I/81ROjELEPeL.__AC_SX300_SY300_QL70_ML2_.jpg
"12"" 10"" 9"" 8"" Self Watering Pots with Water Level Indicator, Large Plastic Planters Set with Mesh Drainage Hole and Removable Saucer Reservoir, Big Flower Pot for Indoor Outdoor Plants - White",$32.99,4.7 out of 5 stars,42 ratings,In Stock,https://m.media-amazon.com/images/I/61QdiNsTCgL.__AC_SX300_SY300_QL70_ML2_.jpg
"Big Self Watering Pots 12/10/9 inch, Planter, Plant Pots with Mesh Drainage Holes for Indoor Outdoor Garden Plants, Plastic Flower Pots with Removable Deep Reservoir, Green with Brown",$26.99,4.6 out of 5 stars,404 ratings,In Stock,https://m.media-amazon.com/images/I/718eUHTLjgL.__AC_SX300_SY300_QL70_ML2_.jpg
"GARDIFE 20 Pack 6 inch Plant pots, planters for Indoor Plants, Flower pots, Color",$26.99,4.8 out of 5 stars,240 ratings,In Stock,https://m.media-amazon.com/images/I/6123h53XxhL.__AC_SX300_SY300_QL70_ML2_.jpg
"Kante 11.8"" Dia Round Concrete Planter, Outdoor/Indoor Large Bowl Plant Pots with Drainage Hole and Rubber Plug for Garden Patio Balcony Home, Pure White",$36.62,4.3 out of 5 stars,"1,155 ratings",In Stock,https://m.media-amazon.com/images/I/512BonZO4rL.__AC_SX300_SY300_QL70_ML2_.jpg
"8 Inch Terracotta Succulent Planter Pot with Drainage Hole and Bamboo Tray, Round Shallow Bonsai Pot for Indoor Plants",$23.99,4.7 out of 5 stars,515 ratings,In Stock,https://m.media-amazon.com/images/I/81NRSuwklJL.__AC_SX300_SY300_QL70_ML2_.jpg
"5 Gallon 12 Inch Plastic Nursery Pots, Plant Containers with Drainage Holes, Round Sturdy Garden Planters for Indoor/Outdoor Greenery, Gardening Gifts for Women (5-Pack, Black)",$42.99,4.5 out of 5 stars,260 ratings,In Stock,https://m.media-amazon.com/images/I/71fO8JSA19L.__AC_SX300_SY300_QL70_ML2_.jpg
"The HC Companies Eclipse Round Planter with Saucer - Outdoor & Indoor Plant Pot with Drainage Holes - Lightweight, UV-Resistant Plastic Pots for Plants, Flowers & Herbs (10"" Warm Gray, Pack of 1)",$16.42,4.5 out of 5 stars,"7,125 ratings",In Stock,https://m.media-amazon.com/images/I/51uzwAGRE4L.__AC_SX300_SY300_QL70_ML2_.jpg
"The HC Companies Eclipse Round Planter with Saucer - Outdoor & Indoor Plant Pot with Drainage Holes - Lightweight, UV-Resistant Plastic Pots for Plants, Flowers & Herbs (12"" White, Pack of 1)",$19.99,4.5 out of 5 stars,94 ratings,In Stock,https://m.media-amazon.com/images/I/41BkcP6kBUL.__AC_SX300_SY300_QL70_ML2_.jpg
"LaDoVita 3 Pack Ceramic Plant Pots 6/5/4 inch, Flowerpot for Indoor Plants with Drainage Holes and Tray, Outdoor Garden Planters, Modern Decorative for Home, Black Vertical Stripes",$26.99,4.8 out of 5 stars,597 ratings,In Stock,https://m.media-amazon.com/images/I/71GqLsQPcxL.__AC_SX300_SY300_QL70_ML2_.jpg
"Hasense Ceramic Plant Pots Indoor Outdoor, 6 Inch Pot for Plants with Drainage Hole and Saucer, Blue Modern Planter for Housewarming",$21.41,4.6 out of 5 stars,130 ratings,In Stock,https://m.media-amazon.com/images/I/71Wzuy6y5BL.__AC_SX300_SY300_QL70_ML2_.jpg
"7 Inch Plant Pots Bulk, 6 Pack Plastic Planters with Drainage Holes and Saucers for Indoor Outdoor House Plants and Flowers, Colorful",$18.89,4.7 out of 5 stars,"1,011 ratings",In Stock,https://m.media-amazon.com/images/I/716c7THbn8L.__AC_SX300_SY300_QL70_ML2_.jpg
"LE TAUCI 5.5 Inch Boho Plant Pots Indoor, Artisanal Cement Pots for Plants, Succulent Pots with Drainage Holes and Saucers, Planters for Indoor Plants, Set of 2, Black and Cream White",$25.99,4.6 out of 5 stars,682 ratings,In Stock,https://m.media-amazon.com/images/I/71BblSxOtDL.__AC_SY300_SX300_QL70_ML2_.jpg
"T4U 5.5 Inch Ceramic Succulent Pot Planter with Drainage Hole Set of 3, Stone Shape Rectangle Window Box Cactus Plant Containers Gift for Mom Sister Aunt Best for Home Office Table Desk Decoration",$22.79,4.4 out of 5 stars,"2,156 ratings",In Stock,https://m.media-amazon.com/images/I/71Pn3rkqEaL.__AC_SX300_SY300_QL70_ML2_.jpg
"LE TAUCI Ceramic Succulent Pots, 4 Inch Small Plant Pot for Indoor Plant Cactus, Embossed Flower Pots with Drainage Hole & Saucer - Set of 4, Arctic White",$28.49,4.8 out of 5 stars,438 ratings,In Stock,https://m.media-amazon.com/images/I/71ts9apKbOL.__AC_SX300_SY300_QL70_ML2_.jpg
"16 inch Plastic-Flower-Pot-for-Indoor-Plants, 4 Pack Large Outdoor Planter Pot with Drainage Holes & Saucers, Resin Decorative Garden Pots Planters",$55.99,4.6 out of 5 stars,514 ratings,In Stock,https://m.media-amazon.com/images/I/71DswDNrprL.__AC_SX300_SY300_QL70_ML2_.jpg
"vancasso Ceramic Plant Pots, 4.25+5.25+6.25 Inch Planter Pot with Drainage Hole, Flower Pots for Indoor Outdoor Plants, Set of 3, White",$23.99,4.6 out of 5 stars,71 ratings,In Stock,https://m.media-amazon.com/images/I/71fiwAlEX5L.__AC_SX300_SY300_QL70_ML2_.jpg
"MIXC 30 Packs 4"" Reinforced Clear Nursery Pots with Silicone Base for Easy Transplant, Transparent Plastic Plant Pot Reusable Seedling Pots Seed Starter Pots Flower Pot, Green",$20.99,4.8 out of 5 stars,740 ratings,In Stock,https://m.media-amazon.com/images/I/71gyI7G5ngL.__AC_SY300_SX300_QL70_ML2_.jpg
"Kate Aspen Geometric Ceramic Planters, Mini Decorative Bowls (Set of 3) Small- Succulent Pots, Modern Decor, Shelf Decor, Desk, Table Décor, White",$13.00,4.7 out of 5 stars,47 ratings,In Stock,https://m.media-amazon.com/images/I/51OlRGmyPvL.__AC_SX300_SY300_QL70_ML2_.jpg
"YBX 8 Inch + 6 Inch Ceramic Plant Pots, Succulent Flower Pots with Drainage Holes, Terracotta Planters for Indoor Plants, White&Terracotta (Garden)",$34.99,4.8 out of 5 stars,331 ratings,In Stock,https://m.media-amazon.com/images/I/71GPf9gZaGL.__AC_SX300_SY300_QL70_ML2_.jpg
"Simple Deluxe Grow Bags 10 Gallon 5 Pack Planter Pots with Handles, Thickened Nonwoven Fabric Aeration Cloth Bag, Heavy Duty Gardening for Tomoato, Potato, Vegetable, Herbs and Flowers, Black",$14.20,4.8 out of 5 stars,35 ratings,In Stock,https://m.media-amazon.com/images/I/81LCEvHYqdL.__AC_SX300_SY300_QL70_ML2_.jpg
"Pure Garden Rattan Style Outdoor Planter Box - 14.65-Inch-Square Decorative Flower or Plant Pot - Garden, Patio and Front Porch Decor (White)",$25.19,4.2 out of 5 stars,21 ratings,In Stock,https://m.media-amazon.com/images/I/71dlvgQ-clL.__AC_SX300_SY300_QL70_ML2_.jpg
Classic Home and Garden Vogue Planter Pots w/Pottery Quality Finish - Modern Indoor & Outdoor Flower Pots - UV-Resistant Porch Planters - Decorative Pot for Flowers & Herbs (8” Burnished Rust),$14.99,4.2 out of 5 stars,"6,045 ratings",In Stock,https://m.media-amazon.com/images/I/71MIXuU9-GL.__AC_SX300_SY300_QL70_ML2_.jpg
SQOWL Ceramic Planter for Indoor Plants 13.5 Inch - Large Plant Pot with Drainage Hole Outdoor Flower Pot Round Planter Decorative Plant Pot for Garden Bathroom Decor Green,$79.99,4.5 out of 5 stars,89 ratings,In Stock,https://m.media-amazon.com/images/I/81DBe70rXcL.__AC_SX300_SY300_QL70_ML2_.jpg
SQOWL Ceramic Planter for Indoor Plants 13.5 Inch - Large Plant Pot with Drainage Hole Outdoor Flower Pot Round Planter Decorative Plant Pot for Garden Bathroom Decor Green,$79.99,4.5 out of 5 stars,89 ratings,In Stock,https://m.media-amazon.com/images/I/81DBe70rXcL.__AC_SX300_SY300_QL70_ML2_.jpg
5 Inch Ceramic Planter Pot for Indoor Plants with Drainage Hole Bubble Flower Planter Hobnail Plant Pot Garden Planter Gold Succulent Plant Pot Utensil Holder,$19.99,4.9 out of 5 stars,94 ratings,In Stock,https://m.media-amazon.com/images/I/713t5RFWIZL.__AC_SX300_SY300_QL70_ML2_.jpg
"12 inch Hanging Planters for Indoor Outdoor Plants, 2 Pack Large Hanging Flower Pots with Drainage Holes and Chain, Glazed Hanging Baskets for Home Garden Decoration (Blue Flow Glaze)",$34.99,4.4 out of 5 stars,278 ratings,In Stock,https://m.media-amazon.com/images/I/818yHQnosqL.__AC_SX300_SY300_QL70_ML2_.jpg
"GardenBasix Elongated Self Watering Planter Pots Window Box 5.5 x 16 inch Indoor Home Garden Modern Decorative Planter Pot for All House Plants Flowers Herbs (Coffee,1-Pack)",$24.99,4.3 out of 5 stars,"2,465 ratings",In Stock,https://m.media-amazon.com/images/I/915n-wSmKPL.__AC_SX300_SY300_QL70_ML2_.jpg
"D'vine Dev 6 Inch Design Self Watering Planter for Indoor Plants, Blue Terracotta Pot with Cylinder Glass Cup, Set of 2, 37-Y-B-4",$38.99,4.5 out of 5 stars,498 ratings,In Stock,https://m.media-amazon.com/images/I/81qos3LzDwL.__AC_SX300_SY300_QL70_ML2_.jpg
"ARNIS Plants Pots with Stand,Set of 2 Flower Pots, Unique Mid Century Decorative Metal Flower Pots with Drainage,10.5&12.25 Inch, Grey and White",$79.97,4.7 out of 5 stars,238 ratings,Only 4 left in stock - order soon.,https://m.media-amazon.com/images/I/81CqmE-1zrL.__AC_SX300_SY300_QL70_ML2_.jpg
"Kante 12.6"" Dia Round Concrete Planter, Modern Style Large Cylindrical Plant Pot with Drainage Hole and Rubber Plug for Indoor Outdoor Patio, Weathered Concrete",$59.95,4.4 out of 5 stars,475 ratings,In Stock,https://m.media-amazon.com/images/I/619DBaHqFyL.__AC_SX300_SY300_QL70_ML2_.jpg
3 Pcs Nautical Decor Gift for Women Planter Ceramic Gift Animal Plant Pot with Bamboo Tray for Office Home Farm House Bathroom Kitchen Christmas Decorations (No Plants Included),$18.99,4.4 out of 5 stars,94 ratings,In Stock,https://m.media-amazon.com/images/I/71Nzjuok4oL.__AC_SX300_SY300_QL70_ML2_.jpg
"Abstract Face Plant Pots, Colorful Smiling Head Flower Pots for Home Decor, Unique Cute Planters Hand-Painted, Funny Eclectic Body Vases, Boho Modern Art for Desk Shelf Decoration (Chocolate&Orange)",$17.99,4.4 out of 5 stars,21 ratings,Only 2 left in stock - order soon.,https://m.media-amazon.com/images/I/71QZYX29xpL.__AC_SX300_SY300_QL70_ML2_.jpg
"Bohemian Face Planter Pots for Plants,Hand-Painted Colorful Flower Pots with Drainage, Indoor Outdoor Garden Decor Gift(Modern,Large)",$54.79,4.8 out of 5 stars,10 ratings,In Stock,https://m.media-amazon.com/images/I/81+sY+Tt8aL._AC_SY300_SX300_QL70_ML2_.jpg
"Selamica Ceramic Succulent Pots with Drainage Hole & Saucer for Cactus, Herb, Home Decor, Set of 4, Blue",$35.99,4.6 out of 5 stars,44 ratings,Only 19 left in stock - order soon.,https://m.media-amazon.com/images/I/71szdw7vY1L.__AC_SX300_SY300_QL70_ML2_.jpg
"10 Inch Clear Nursery Pots with Drainage Holes, 5 Pack Plastic Pots for Plants, Seedling Starter Pot Variety Pack, Garden Plant Pots for Succulents Flowers Cactus",$30.99,4.5 out of 5 stars,34 ratings,In Stock,https://m.media-amazon.com/images/I/61SlyaU7mnL.__AC_SX300_SY300_QL70_ML2_.jpg
"Pack of 2 Flower Pots, Plastic Plant Pots with Drainage Holes, 8 inch Modern Glossy Finishing Planter for Indoor Outdoor Plants (Blue Glaze, 2 Pack)",$22.99,4.3 out of 5 stars,4 ratings,In Stock,https://m.media-amazon.com/images/I/71o+GydrE7L._AC_SY300_SX300_QL70_ML2_.jpg
"2 Pack Plastic Plant Pots with Drainage Holes, 8 inch Planter for Indoor Outdoor Plant, Garden Flower Pots for Aloe, Herbs, Cactus(Blue, 2pcs)",$22.99,4.0 out of 5 stars,1 rating,In Stock,https://m.media-amazon.com/images/I/81OE4Dw1NuL.__AC_SX300_SY300_QL70_ML2_.jpg
Bonsai Pot – 2-Pack 14 Inch Large Bonsai Training Pot with Eelegant Stand – Rectangular Bonsai Pots with Mesh Drainage – Luxurious Bonsai Tree Pots Indoor Made with Recycled Plastic,$29.99,4.2 out of 5 stars,60 ratings,,https://m.media-amazon.com/images/I/81XBYcZRHDL.__AC_SX300_SY300_QL70_ML2_.jpg
"12in Plant Pot，Ceramic Plant pots，Ceramic Planter for Indoor Plants Outdoor,Mid-Century Modern Home Decor, Modern Flower Pot, Large Plant Pot with Drainage Hole",$85.99,5.0 out of 5 stars,10 ratings,In Stock,https://m.media-amazon.com/images/I/816xbly0FFL.__AC_SX300_SY300_QL70_ML2_.jpg
"G EPGardening Ceramic Plant Pot - 5.5 Inch Ceramic Planter for Indoor Plants, Boho Round Indoor Flower Pot with Drainage Hole and Saucer, Plant Lover Gifts, Garden Home Room Decor, Black",$20.69,4.7 out of 5 stars,369 ratings,In Stock,https://m.media-amazon.com/images/I/71iTYLadbuL.__AC_SX300_SY300_QL70_ML2_.jpg
"Orchid Pot - 6 Inch Ceramic Plant Pot for Indoor Outdoor, Round Unique Planters with Drainage Hole, Modern Round Decorative Flower Pots, Home Decor, Gifts for Plant Lovers, Blue",$25.99,4.3 out of 5 stars,6 ratings,In Stock,https://m.media-amazon.com/images/I/719oni8Oy5L.__AC_SX300_SY300_QL70_ML2_.jpg
"Cute Unique Resin Smiley Face Plant Pot Funny Head Planter for Indoor Flower, Succulent",$15.99,4.6 out of 5 stars,3 ratings,In Stock,https://m.media-amazon.com/images/I/71RRJyovvvL.__AC_SX300_SY300_QL70_ML2_.jpg
"YARNOW Blue Ceramic Planter - 7.87 Inch Porcelain Orchid Pot with Drainage Hole and Tray, Ideal for Indoor Plants and Home Decoration",$53.59,4.4 out of 5 stars,6 ratings,Only 11 left in stock - order soon.,https://m.media-amazon.com/images/I/61fXbzBM8tL.__AC_SX300_SY300_QL70_ML2_.jpg
"Vintage Urn Planter with Embossed Pattern, Decorative Bronze Finish Flower Pot, Classic Round Plant Pot for Outdoor Indoor Home Garden Patio Front Porch Entryway（13.6 * 11.9 * 8.5 in）",$39.99,4.6 out of 5 stars.,,"This item will be released on October 15, 2025.Pre-order now.",https://m.media-amazon.com/images/I/41NTCTlQusL.__AC_SX300_SY300_QL70_ML2_.jpg
"Ceramic Pots for Plants - 7.6 Inch Indoor Planter, Decorative Plant Pots with Drainage Hole, Fluted Ceramic Flower Pots, Round Planter Outdoor, Patio Decor, Gifts for Plant Lovers, Red",$49.99,4.4 out of 5 stars,13 ratings,Only 4 left in stock - order soon.,https://m.media-amazon.com/images/I/81REVflL46L.__AC_SX300_SY300_QL70_ML2_.jpg
"Octopus Planter with Drainage Holes | Decorative Succulent & Small Flower Pot | Indoor Octopus Design for Succulents, Air Plants, Mini Plants | Funny Gift, Finger Planter for Plant Lovers",$22.99,4.7 out of 5 stars,14 ratings,In Stock,https://m.media-amazon.com/images/I/61+DmKfuAqL._AC_SY300_SX300_QL70_ML2_.jpg
"12 Inch Pots for Plants - Ceramic Plant Pots with Drainage Hole and Saucer, Modern Planter for Indoor Outdoor, Round Flower Planters, Porch Home Garden Decor, Gifts for Women, Orange",$84.99,4.6 out of 5 stars,312 ratings,Only 10 left in stock - order soon.,https://m.media-amazon.com/images/I/61kQryoyDML.__AC_SX300_SY300_QL70_ML2_.jpg
"16-inch-Plant-Pots-Indoor-Outdoor, 4 Pack Large Whiskey Barrel Planters with Drainage Holes & Saucer, Plastic Flower Pots Imitation Wine Barrel Design, Decorative Garden Pots for Plants",$59.99,4.6 out of 5 stars,100 ratings,Only 9 left in stock - order soon.,https://m.media-amazon.com/images/I/81kiEeRgKkL.__AC_SX300_SY300_QL70_ML2_.jpg
"5x5 Planter Pot, 5.5 inch Ceramic Planter Pot with Drainage Hole,Ceramic Flower Pot for Indoor & Outdoor Plants",$25.99,4.6 out of 5 stars,5 ratings,In Stock,https://m.media-amazon.com/images/I/714cHpG+FjL._AC_SY300_SX300_QL70_ML2_.jpg
"Halloween Witch Plant Pots - Unique Planters Flower Pots with Drainage Hole, Funny Plant Pot for Indoor & Outdoor Plants, Cute Desk Room Home Decor",$32.99,4.2 out of 5 stars.,,In Stock,https://m.media-amazon.com/images/I/81WtzP3C-uL.__AC_SX300_SY300_QL70_ML2_.jpg
"Abstract Art Flower Pot,Large Face Planter,Colorful Head Planter Pot for Plants,Decorative Face Flower Pots for Living Room, Patio,Garden,Unique Home Décor for Indoor and Outdoor Use (Green)",$28.99,5.0 out of 5 stars,1 rating,Only 13 left in stock - order soon.,https://m.media-amazon.com/images/I/71kHDXGUuiL.__AC_SX300_SY300_QL70_ML2_.jpg
"Ceramic Planter - 10 Inch Plant Pot for Indoor Outdoor, Round Flower Pots with Drainage Hole and Saucer, Large Plant Pot, Modern Planters, Home Room Decor, Gifts for Plants Lovers, Yellow",$59.99,5.0 out of 5 stars,1 rating,In Stock,https://m.media-amazon.com/images/I/71+HZ1qLffL._AC_SY300_SX300_QL70_ML2_.jpg
"Abstract Face Flower Pots Head,Creative Inspiration Succulent pots,Head Planter with Drainage Hole,Colorful Plant Pots for Outdoor Garden Decor and Home Art Decoration(Retro)",$23.99,4.7 out of 5 stars,6 ratings,Only 10 left in stock - order soon.,https://m.media-amazon.com/images/I/71QKDZIts1L.__AC_SX300_SY300_QL70_ML2_.jpg
"Halloween Pumpkin Plant Pots - Unique Planters Flower Pots with Drainage Hole, Funny Plant Pot for Indoor & Outdoor Plants, Cute Desk Room Home Decor",$32.99,4.2 out of 5 stars.,,In Stock,https://m.media-amazon.com/images/I/71M2POEYfTL.__AC_SX300_SY300_QL70_ML2_.jpg
Spoontiques Crazy Plant Lady Planter - Hand Painted Ceramic Plant Pot for Indoor and Outdoor Use - Home and Garden Décor,$11.37,3.0 out of 5 stars,1 rating,In Stock,https://m.media-amazon.com/images/I/712Y-G4bwdL.__AC_SX300_SY300_QL70_ML2_.jpg
"Funny Magical Cat Ceramic Succulent Cactus Flower Plant Pots with Bamboo Tray, 3.5 Inches Window Garden Cute Cat Planter Pot for Home Desk Decor Planter (No Plants)",$14.99,4.8 out of 5 stars.,,In Stock,https://m.media-amazon.com/images/I/71wjOtfLOtL.__AC_SX300_SY300_QL70_ML2_.jpg
Self Watering Plant Pot | 7 Inch Ceramic Indoor Planter Pot with 4.25 Inch Opening | Ivory Pot for Indoor Plants | Round Self Watering Planter | Neutral Home Decor,$28.99,5.0 out of 5 stars,1 rating,In Stock,https://m.media-amazon.com/images/I/71-AMPsbDbL.__AC_SX300_SY300_QL70_ML2_.jpg
"Bonsai Tree Pot - 13.2 Inch Large Ceramic Succulent Planter for Indoor Outdoor, Oval Plant Pot with Drainage Hole, Decorative Flower Pots, Home Decor, Gifts for Plant Lovers, Green",$59.99,5.0 out of 5 stars,1 rating,In Stock,https://m.media-amazon.com/images/I/81IV6TvKrmL.__AC_SX300_SY300_QL70_ML2_.jpg
"D'vine Dev Pack of 36 Plastic Plant Pots (12 Set of 2 Inch, 2.5 Inch, 3 Inch) Small Garden Planter Pots for Plant with Drainage Holes and Saucers, White, 74-T-A",$27.99,4.7 out of 5 stars,179 ratings,In Stock,https://m.media-amazon.com/images/I/71i71Rv-DFL.__AC_SX300_SY300_QL70_ML2_.jpg
Face Flower Pots Cute Planter Outdoor Handmade Resin Head Planters for Indoor Plants Self Watering Toilet Succulent Pot with Drainage Hole Unique Home Decor Quirky Gardening Gift,$21.99,Previous page,,In Stock,https://m.media-amazon.com/images/I/717KCikzFhL.__AC_SX300_SY300_QL70_ML2_.jpg
Self Watering Planter Pot Cute Resin Flower Head Planters for Indoor Outdoor Handmade Smily Face Pot Unique Cane Chair Succulent Pots with Drainage Gift Ideal for Mother and Appreciation Christmas,$21.99,5 out of 5 stars.,,Only 14 left in stock - order soon.,https://m.media-amazon.com/images/I/71kss4+q9ML._AC_SY300_SX300_QL70_ML2_.jpg
"SQOWL 12 Inch Bonsai Pots - Shallow Ceramic Planter for Indoor Plants Outdoor, Large Succulent Pots with Drainage Hole and Saucer, Round Planter Bowl, Porch Decor, Gifts for Plant Lover, Blue",$69.99,4.6 out of 5 stars,340 ratings,In Stock,https://m.media-amazon.com/images/I/71F0v5iZb5L.__AC_SX300_SY300_QL70_ML2_.jpg
Maxcheck 3 Pcs 3 Sizes Plant Propagation Station Separated Glass Plant Terrarium Water Hydroponic Planter Holder with Lid and Wooden Stand Propagation Vase Pot for Home Indoor Office(Various Sizes),$20.99,4.6 out of 5 stars,72 ratings,In Stock,https://m.media-amazon.com/images/I/81EjLxnxceL.__AC_SX300_SY300_QL70_ML2_.jpg
"Skull Planter Gothic Skull Vase, Resin Skulls Bowl with Spine Stand Spooky Halloween Skeleton Tall Planters Centerpiece for Gothic Home Decor, Flower Pot, Candy Bowl",$23.99,4.5 out of 5 stars,2 ratings,In Stock,https://m.media-amazon.com/images/I/71yN89ftxzL.__AC_SX300_SY300_QL70_ML2_.jpg
3 Pcs Large Balcony Planters Railing Hanging Flower Pots- 16.2 Inch Metal Railing Planter Box Fence Planters for Outdoor Plants with Detachable Hooks and Drain Holes for Garden Decor (White-16.2inch),$28.99,4.6 out of 5 stars,66 ratings,Only 1 left in stock - order soon.,https://m.media-amazon.com/images/I/71ASRfSvzIL.__AC_SX300_SY300_QL70_ML2_.jpg
"Wicker Plant Basket Indoor, 8""x8""x8"" Jute Spliced Cotton Rope Basket Planter up to 7"" Pot, Modern Woven Flower Tree Pots Cover, Small Floor Indoor Planters, Home Decor Storage Bin",$12.99,4.2 out of 5 stars.,,In Stock,https://m.media-amazon.com/images/I/71+q3vhM7vL._AC_SY300_SX300_QL70_ML2_.jpg
"Easter Island Moai Head Succulent Planter Pot, Human Face Flower Pot for Desktop Home Decor, Cool Moai Figurines Pen and Brush Holder, Black",$16.90,4.1 out of 5 stars,20 ratings,Only 8 left in stock - order soon.,https://m.media-amazon.com/images/I/61Ff8AE09bL.__AC_SX300_SY300_QL70_ML2_.jpg
Bamworld Hanging Planters for Indoor Plants with 3Pots Metal Plant Hanger Indoor Hanging Plant Holder Wall Planters Window Plant Shelves Plant Hanger Rod for Hanging Pots for Wall Decor(Black),$26.99,5.0 out of 5 stars,1 rating,In Stock,https://m.media-amazon.com/images/I/61meaaVU4oL.__AC_SX300_SY300_QL70_ML2_.jpg
"25 Packs Square Nursery Pots for Plants 4.7 Inch Succulent Plant Pots Set Plastic Seedling Starting Pots with Drainage Holes Nursery Pots Variety Pack Flower pots Planter Seed Starter, Black",$11.99,4.6 out of 5 stars,12 ratings,Only 14 left in stock - order soon.,https://m.media-amazon.com/images/I/71eCQtdXuHL.__AC_SX300_SY300_QL70_ML2_.jpg
"Ceramic 6 inch Plant Pot, Planter for Indoor Plants with Drainage Hole, Flower Pots for Orchid, Succulent, Ceramic Vase, Modern Small Red Vases for Home Decor, Elegant Flower Vase Centerpiece",,5.0 out of 5 stars,,Currently unavailable.We don't know when or if this item will be back in stock.,https://m.media-amazon.com/images/I/71YkUhUt+iL._AC_SY300_SX300_QL70_ML2_.jpg
Ceramic Plant Pots for Plants Indoor 5.3 Inch Round Gold and White Flower Pot Gilded Decorative Planter with Drainage Hole and Saucer Modern Ceramic Pot for Succulents Orchids Cactus Herbs Home Decor,$24.99,4.6 out of 5 stars.,,In Stock,https://m.media-amazon.com/images/I/71Yl9aICjJL.__AC_SX300_SY300_QL70_ML2_.jpg
"Ceramic 6 inch Plant Pot, Planter for Indoor Plants with Drainage Hole, Flower Pots for Orchid, Succulent, Ceramic Vase, Modern Small White Vases for Home Decor, Elegant Flower Vase Centerpiece",,4.6 out of 5 stars.,,Currently unavailable.We don't know when or if this item will be back in stock.,https://m.media-amazon.com/images/I/71kTqR9Id8L.__AC_SX300_SY300_QL70_ML2_.jpg
Lechuza Self Watering Plant Pot Quadro LS 35 Garden Flower Indoor and Outdoor Plastic Planter with Drainage Hole H33 L35 W35 cm White High-Gloss,$43.99,4.8 out of 5 stars,"1,923 ratings",,https://m.media-amazon.com/images/I/51zStKTpVnL.__AC_SX300_SY300_QL70_ML2_.jpg
"Bloem Mathers Round Planter with Saucer Tray: 12"" - Black - Modern Design, Durable Plastic Pot, Removable Saucer, for Indoor & Outdoor Use, Gardening, 5.8 Gallon Capacity",$24.93,4.2 out of 5 stars,180 ratings,,https://m.media-amazon.com/images/I/51sjMkY6GrL.__AC_SX300_SY300_QL70_ML2_.jpg
"The HC Companies Santa Fe Square Self-Watering Pot - Lightweight Plastic Planter for Herbs & More - Durable Plant Pots for Indoor Plants & Outdoor Plants (16” Pebble Gray, Pack 1)",$36.92,4.4 out of 5 stars,297 ratings,Only 16 left in stock - order soon.,https://m.media-amazon.com/images/I/81HMdL-PhaL.__AC_SX300_SY300_QL70_ML2_.jpg
"The HC Companies Eclipse Round Planter with Saucer - Outdoor & Indoor Plant Pot with Drainage Holes - Lightweight, UV-Resistant Plastic Pots for Plants, Flowers & Herbs (6"" White, Pack of 4)",$16.65,4.7 out of 5 stars,,Only 18 left in stock - order soon.,https://m.media-amazon.com/images/I/51mLH4IMENL.__AC_SX300_SY300_QL70_ML2_.jpg
"The HC Companies 20 Inch Round Prima Planter - Large Plastic Plant Pot with Rolled Rim for Indoor Outdoor Plants Flowers Herbs, Warm Gray (Pack of 2)",$69.95,4.0 out of 5 stars,12 ratings,Only 5 left in stock - order soon.,https://m.media-amazon.com/images/I/51dsCtZimjL.__AC_SX300_SY300_QL70_ML2_.jpg
"The HC Companies Shallow Planter with Drainage - Contemporary Garden Bowl Planter for Flowers, Herbs & More - Round Succulent Planter Pot for Indoors and Outdoors (24"" Cottage Stone, Pack of 1)",$49.99,4.6 out of 5 stars,"3,345 ratings",Only 7 left in stock - order soon.,https://m.media-amazon.com/images/I/51fgJp4ReoL.__AC_SX300_SY300_QL70_ML2_.jpg
"Bloem Ariana Pot Planter: 20"" - Black - Durable Resin Pot, for Indoor and Outdoor Use, Gardening, Self Watering Disk Included, 11 Gallon Capacity",$25.43,4.6 out of 5 stars,375 ratings,,https://m.media-amazon.com/images/I/51ZkGmGNkbL.__AC_SX300_SY300_QL70_ML2_.jpg
"MyGift Cement Planter Pots Set of 2, Unglazed Gray Planters with Drainage Hole and Removable Saucers, Small 5.5 Inch Modern Plant Pot Containers for Succulents, Herbs and Cactus Plants",$24.99,4.5 out of 5 stars,"1,052 ratings",,https://m.media-amazon.com/images/I/61FIaxUemIL.__AC_SX300_SY300_QL70_ML2_.jpg
"The HC Companies Succulent Pot Sorrento 5.5 Inch - Lightweight Indoor Plastic Succulent Planter with Drainage, Faux Concrete",$9.95,3.8 out of 5 stars,96 ratings,In Stock,https://m.media-amazon.com/images/I/61mV5nM6DIL.__AC_SX300_SY300_QL70_ML2_.jpg
"MyGift 12.5 inch Ceramic Planter, Modern Textured Rectangular Succulent Flower Plant Pot with Wave Design and Removable Drip Tray Saucer (White)",$39.99,4.3 out of 5 stars,7 ratings,In Stock,https://m.media-amazon.com/images/I/716NLpN5YML.__AC_SX300_SY300_QL70_ML2_.jpg
"Creative Co-Op Coastal Embossed Textured Stoneware Planter, Metallic Gold",$87.69,4.6 out of 5 stars,181 ratings,Only 3 left in stock - order soon.,https://m.media-amazon.com/images/I/81P1FZIsjIL.__AC_SX300_SY300_QL70_ML2_.jpg
"The HC Companies Aria Self Watering Square Plant Pot w/Drainage - Classic Planters for Outdoor Plants & Indoor Plants - Lightweight & UV-Resistant Plastic Pots for Plants (8"" Matte Black, Pack of 1)",$22.05,4.0 out of 5 stars,134 ratings,In Stock,https://m.media-amazon.com/images/I/51bXZP2EyZL.__AC_SX300_SY300_QL70_ML2_.jpg
"The HC Companies Accent Square Plant Pot w/Drainage - Classic Planters for Outdoor Plants & Indoor Plants - Lightweight & UV-Resistant Square Planter Box (15.5”, Chocolate, Pack of 1)",$35.89,4.6 out of 5 stars,553 ratings,Only 3 left in stock - order soon.,https://m.media-amazon.com/images/I/51wGfb-yF8L.__AC_SX300_SY300_QL70_ML2_.jpg
"Classic Home and Garden Honeysuckle Flower Pot Garden Planter, 13"" Blue Jean (Pack of 2)",$36.99,4.6 out of 5 stars,"3,598 ratings",In Stock,https://m.media-amazon.com/images/I/71BWF6mDgmL.__AC_SX300_SY300_QL70_ML2_.jpg
"MyGift Modern Wave Pattern White Ceramic Rectangular Planter Pot - Decorative Indoor Flower Container for Home, Office, Patio, and Garden, 8-Inch",$21.24,Previous set of slides,,Only 6 left in stock - order soon.,https://m.media-amazon.com/images/I/71WTuH2x4XL.__AC_SX300_SY300_QL70_ML2_.jpg
"MyGift White Ceramic Plant Pot, Flower Strawberry Planter with Saucer and 4 Decorative Side Openings Design",$29.99,4.0 out of 5 stars,299 ratings,In Stock,https://m.media-amazon.com/images/I/71Uwvh3aXDL.__AC_SX300_SY300_QL70_ML2_.jpg
"Mini Succulent Planter Set – 3.7 Inch Ceramic Pots with Drainage for Indoor Plants, Small Decorative Flower Pots for Cactus and House Plants, Set of 4",$9.40,4.6 out of 5 stars,67 ratings,In Stock,https://m.media-amazon.com/images/I/71jcKPsuCgL.__AC_SX300_SY300_QL70_ML2_.jpg
"The HC Companies Aria Self Watering Square Plant Pot w/Drainage - Planters for Outdoor Plants & Indoor Plants - Lightweight & UV-Resistant Plastic Pots for Plants (8"" Glossy Black, Pack of 1)",$20.60,4.0 out of 5 stars,240 ratings,In Stock,https://m.media-amazon.com/images/I/61mJNcrhnAL.__AC_SX300_SY300_QL70_ML2_.jpg
"The HC Companies Aria Round Self-Watering Pot - Lightweight Plastic Planter for Herbs & More - Durable Plant Pots for Indoor Plants & Outdoor Plants (6"" Glossy Avocado, Pack of 1)",$13.85,4.1 out of 5 stars,21 ratings,In Stock,https://m.media-amazon.com/images/I/51SB+bvAHIL._AC_SY300_SX300_QL70_ML2_.jpg
Smily Face Planter Pot Cute Resin Flower Head Planters for Indoor Outdoor Plants Unique Sitting Rocking Chairs Succulent Pots for String of Pearls Plant Live Gift Ideals with Drainage Hole,$26.99,4.6 out of 5 stars,696 ratings,In Stock,https://m.media-amazon.com/images/I/71FqaZ3DVpL.__AC_SX300_SY300_QL70_ML2_.jpg
"Planters and Flower Pots for Home Decor – Embossed Ceramic Plant Pots with Raised Feet for Indoor and Outdoor Succulents or Herbs– Perfect Pots for Garden, Patio, or Room; Set of 2 – 9"", 8"" White",$29.99,3.0 out of 5 stars,1 rating,In Stock,https://m.media-amazon.com/images/I/71aihZRloyL.__AC_SX300_SY300_QL70_ML2_.jpg
"MyGift 10 Inch Modern Unglazed White Ceramic Indoor Plant Pot with Drainage Hole, Rectangular Succulent Planter Window Box with Removable Saucer, 1 Pack",$26.99,4.7 out of 5 stars,"1,069 ratings",In Stock,https://m.media-amazon.com/images/I/61AoUv1aXML.__AC_SX300_SY300_QL70_ML2_.jpg
"Vintage Pink and Green Ceramic Planter Set of 2, 4.7+5.7 Inch Rustic Flower Pots for Indoor Plants, Decorative Ceramic Plant Pots for Home, Living Room, Garden, Gardening Gift",$28.48,5.0 out of 5 stars,12 ratings,In Stock,https://m.media-amazon.com/images/I/81mw5BqmzWL.__AC_SX300_SY300_QL70_ML2_.jpg
"Kante Round Concrete Planter, 13-Inch Dia Barrel-Style Garden Pots with Drainage Hole for Home, Patio and Garden, Flower and Tree Planter (10.2"" Opening), Black",$65.95,5.0 out of 5 stars,1 rating,Only 4 left in stock - order soon.,https://m.media-amazon.com/images/I/61VJunSv3sL.__AC_SX300_SY300_QL70_ML2_.jpg
"MyGift 8 Inch Square Modern Artificial Succulent Arrangement Potted in Gray Concrete Plant Bowl, Assorted Faux Mini Succulents in a Decorative Planter Pot",$17.49,4.0 out of 5 stars,2 ratings,Only 5 left in stock - order soon.,https://m.media-amazon.com/images/I/713n8NErYFL.__AC_SX300_SY300_QL70_ML2_.jpg
"iPower 7 Gallon 10 Pack Thickened Aeration Grow Bags Nonwoven Fabric Pots with Strap Handles Container for Gardening, Black",$20.23,3.1 out of 5 stars,6 ratings,Only 19 left in stock - order soon.,https://m.media-amazon.com/images/I/71T1ZFUeZwL.__AC_SY300_SX300_QL70_ML2_.jpg
"D'vine Dev Set of 2 Plants Pots, 8.2 Inch Ceramic Planter Pot for Plants with Drainage Hole and Saucer, White, 94-V-D-1",$79.99,4.8 out of 5 stars,"1,013 ratings",In Stock,https://m.media-amazon.com/images/I/71ljmZ-I1vL.__AC_SX300_SY300_QL70_ML2_.jpg
"Blue and White Flower Pot with Drain Hole, Blue and White Planter Ceramic Ceramic Decorative Flower Pot Chinoiserie Planter, Diameter 6.7 inch",$36.99,4.3 out of 5 stars,19 ratings,In Stock,https://m.media-amazon.com/images/I/61EZ7292QcL.__AC_SX300_SY300_QL70_ML2_.jpg
"Ceramic Succulent Planter Pots - 4.6 Inch Small Flower Pot with Drainage Holes and Saucers for Indoor Plant, Cactus, Herbs, Outdoor Plants, Home Decor, Set of 4, Vintage Blue",$29.99,4.5 out of 5 stars,115 ratings,In Stock,https://m.media-amazon.com/images/I/71y6M+qhEKL._AC_SY300_SX300_QL70_ML2_.jpg
"Kante Round Concrete Planter, Large Outdoor Indoor Garden Pots with Drainage Hole, 10-Inch Diameter Flower Pots for Patio, Garden and Home, Weathered Concrete",$36.57,4.1 out of 5 stars,9 ratings,In Stock,https://m.media-amazon.com/images/I/61k5TzwgSpL.__AC_SX300_SY300_QL70_ML2_.jpg
"The HC Companies Pizzazz Decorative Round Flower Pots w/Ceramic Look - UV-Resistant Decorative Pot for Outdoor & Indoor Plant Pots - Modern Planter for Flower, Herbs (16” Purple Violet, Pack of 2)",$64.96,4.2 out of 5 stars,"1,382 ratings",Only 2 left in stock - order soon.,https://m.media-amazon.com/images/I/711K7F1b4oL.__AC_SX300_SY300_QL70_ML2_.jpg
"MyGift 6.3 Inch Square Vintage White Ceramic Succulent Planter Pot with Vertical Ribbed Design, Indoor Mini Flower Plant Pots, Set of 2",$34.99,4.0 out of 5 stars,2 ratings,Only 11 left in stock - order soon.,https://m.media-amazon.com/images/I/614m0nETuuL.__AC_SX300_SY300_QL70_ML2_.jpg
"The HC Companies 16 Inch Marina Planter Lightweight Indoor Outdoor Plastic Plant Pot for Herbs and Flowers, Slate Blue",$39.99,4.3 out of 5 stars,79 ratings,Only 8 left in stock - order soon.,https://m.media-amazon.com/images/I/51o7tW6VSXL.__AC_SX300_SY300_QL70_ML2_.jpg
"Umbra Trigg Hanging Planter Vase Wall Decor, Pot and Container for Succulents, Cactus, Faux Plants, and More, Large, Black/Brass",$21.65,4.6 out of 5 stars,861 ratings,In Stock,https://m.media-amazon.com/images/I/71hlvYrhldL.__AC_SX300_SY300_QL70_ML2_.jpg
"MyGift 5 Inch Wall Mounted Modern White Plastic Self Watering Planter Pots, Small Hanging Double Layer Wall Planter, Tabletop Mini Plant Container for Herb Succulent Cactus Flower, Set of 4",$17.99,4.6 out of 5 stars,538 ratings,In Stock,https://m.media-amazon.com/images/I/61Ez3bHisGL.__AC_SX300_SY300_QL70_ML2_.jpg
"Kante 20.3"" H Tall Rectangular Concrete Planter, Modern Square Diameter Plant Pot with Drainage Hole and Rubber Plug for Indoor Outdoor Home Patio Garden, Pure White",$54.99,4.2 out of 5 stars,842 ratings,In Stock,https://m.media-amazon.com/images/I/51IWufL3qOL.__AC_SX300_SY300_QL70_ML2_.jpg
"Deco 79 Metal Indoor Outdoor Planter Brushed Dome Large Planter Pot with Curved X-Shaped Bases, Set of 2 Planters 16"", 13""H, Gold",$52.38,3.6 out of 5 stars,30 ratings,Available to ship in 1-2 days,https://m.media-amazon.com/images/I/71SzyecHAmS.__AC_SY300_SX300_QL70_ML2_.jpg
"Kante Tall Fulted Planter, 17.7 Inch Tall Round Concrete Plant Pots with Drainage Hole and Rubber Plug, Modern Decor for Indoor Outdoor Plants, Flower, Black",$56.19,4.6 out of 5 stars,77 ratings,,https://m.media-amazon.com/images/I/61Y+dPY+VbL._AC_SY300_SX300_QL70_ML2_.jpg
"MyGift White Ceramic Wall Planters for Indoor Plants, Half Bowl Hanging Vase, Wall Mounted Succulent Planters, Set of 2",$35.99,4.6 out of 5 stars,888 ratings,In Stock,https://m.media-amazon.com/images/I/81Dp+Ii8oTL._AC_SY300_SX300_QL70_ML2_.jpg
"The HC Companies Terrazzo Square Plant Pot w/Drainage - Classic Planters for Outdoor Plants & Indoor Plants - Large UV-Resistant Plastic Pots for Plants (20”, Chocolate, Pack of 1)",$58.28,4.5 out of 5 stars,177 ratings,In Stock,https://m.media-amazon.com/images/I/41VoT3ZjfRS.__AC_SY300_SX300_QL70_ML2_.jpg
"Sagebrook Home Set of 2 Black Metal Planters with Gold Stands Modern Decorative Indoor & Outdoor Plant Pots Tall Flower Pots for Home & Garden Stylish Mid-Century Design, Durable & Elegant 23"" & 19""",$53.99,4.0 out of 5 stars,38 ratings,In Stock,https://m.media-amazon.com/images/I/81SN6lqqb6L.__AC_SX300_SY300_QL70_ML2_.jpg
"3-Pack 50 Gallon Thickened Plant Grow Bags Large (30x16 in) Heavy Duty Garden Bag Fabric Plant Pots for Potato,Tomato Planter,Herbs Veggies Planting,Flower Pots,Barrel Planter,Yard Waste Bag,Leaf Bags",$49.99,4.4 out of 5 stars,224 ratings,In Stock,https://m.media-amazon.com/images/I/718Ld30MIwL.__AC_SX300_SY300_QL70_ML2_.jpg
"Sunnydaze Round Ceramic Planter - Set of 2 Indoor or Outdoor Plant Pots with Drainage Hole - Chalet - 9"" - Imperial Blue Glaze",$64.95,4.5 out of 5 stars,244 ratings,Only 14 left in stock - order soon.,https://m.media-amazon.com/images/I/91uLgl83jaL.__AC_SX300_SY300_QL70_ML2_.jpg
"7.3"" Tall Unique Large Face Planters Pots Head, Abstract Art Colorful Funky Plant Pots with Drainage, Fun Graffiti Planter for Outdoor and Indoor Plants (Colorful)",$27.59,4.8 out of 5 stars,24 ratings,In Stock,https://m.media-amazon.com/images/I/81uOvepJCfL.__AC_SX300_SY300_QL70_ML2_.jpg
"The HC Companies Rings Flower Planter - Self Watering Plant Pots for Herbs & More - Round Lightweight Outdoor & Indoor Planter (12"" Purple, Pack of 1)",$24.99,4.8 out of 5 stars,9 ratings,In Stock,https://m.media-amazon.com/images/I/51kGMAmJZcL.__AC_SX300_SY300_QL70_ML2_.jpg
"Lechuza 13230 Classico Color 43 Self-Watering Planter for Indoor and Outdoor Use, 17"" x 16"", White Matte",$132.00,4.4 out of 5 stars,"5,121 ratings",In Stock,https://m.media-amazon.com/images/I/51yGaLud95L.__AC_SX300_SY300_QL70_ML2_.jpg
"The HC Companies 16 Inch Seabrook Decorative Round Planter - Lightweight Premium Resin Plant Pot with a Ceramic Look for Indoor Outdoor Use, Weathered Greige",$54.99,4.2 out of 5 stars,32 ratings,Only 5 left in stock (more on the way).,https://m.media-amazon.com/images/I/71wxaTDmlDL.__AC_SX300_SY300_QL70_ML2_.jpg
"The HC Companies Sedona Round Self-Watering Pot - Lightweight Self Care Planter - Plastic Planter for Herbs & More - Durable Plant Pots for Indoor Plants & Outdoor Plants (12"" Dusty Teal, Pack of 2)",$32.95,4.5 out of 5 stars,"1,597 ratings",Only 17 left in stock (more on the way).,https://m.media-amazon.com/images/I/61ZFaz+s+zL._AC_SY300_SX300_QL70_ML2_.jpg
Ceramic Planter for Indoor Plants - 8 Inch Plant Pot Outdoor Flower Pot with Drainage Holes and Saucer Modern Round Planter Succulent Pot for Home Garden Decor White,$39.99,4.7 out of 5 stars,140 ratings,In Stock,https://m.media-amazon.com/images/I/71xYJX9+rIL._AC_SY300_SX300_QL70_ML2_.jpg
Ceramic Planter for Indoor Plants - 8 Inch Plant Pot Outdoor Flower Pot with Drainage Holes and Saucer Modern Round Planter Succulent Pot for Home Garden Decor White,$39.99,4.7 out of 5 stars,140 ratings,In Stock,https://m.media-amazon.com/images/I/71xYJX9+rIL._AC_SY300_SX300_QL70_ML2_.jpg
"Resin Creative Retro Tree Man Flower Pot Planter/Plant/Flower/Bonsai Pot Ornament for Succulent,Cactus Container for Home Balcony Desk Decoration",$24.98,5.0 out of 5 stars,,Only 20 left in stock - order soon.,https://m.media-amazon.com/images/I/61hx9zcWBgL.__AC_SX300_SY300_QL70_ML2_.jpg
"Resin Creative Cat Head Flower Pot Planter/Plant/Flower/Bonsai Pot Ornament for Succulent,Cactus Container for Home Balcony Desk Decoration",$26.98,4.6 out of 5 stars.,,Only 20 left in stock - order soon.,https://m.media-amazon.com/images/I/51Ym-At35qL.__AC_SX300_SY300_QL70_ML2_.jpg
"Resin Creative Dog Head Flower Pot Planter/Plant/Flower/Bonsai Pot Ornament for Succulent,Cactus Container for Home Balcony Desk Decoration",$26.98,5.0 out of 5 stars,,Only 20 left in stock - order soon.,https://m.media-amazon.com/images/I/51F5EldAIfL.__AC_SX300_SY300_QL70_ML2_.jpg
"Cement Creative Elephant Flower Pot Planter/Plant/Flower/Bonsai Pot Ornament for Succulent,Cactus Container for Home Balcony Desk Decoration (Grayish White)",$24.68,5.0 out of 5 stars,,Only 20 left in stock - order soon.,https://m.media-amazon.com/images/I/519IV4YBiwL.__AC_SX300_SY300_QL70_ML2_.jpg
"2PCS Adjustable Planter Inserts Plant risers,Tall Tapered Plant Riser Fill Bottom，Planter Fillers for Large Pots，Indoor and Outdoor （12-21"" Rise，4-12"" Top）",$35.99,5.0 out of 5 stars,5 ratings,In Stock,https://m.media-amazon.com/images/I/6115UFw4XQL.__AC_SX300_SY300_QL70_ML2_.jpg
"Easter Island Moai Head Succulent Planter Pot, Human Face Flower Pot for Desktop Home Decor, Cool Moai Figurines Pen and Brush Holder, Black",$16.90,4.1 out of 5 stars,20 ratings,Only 8 left in stock - order soon.,https://m.media-amazon.com/images/I/61Ff8AE09bL.__AC_SX300_SY300_QL70_ML2_.jpg
"Inner Plant Pots Drainage Insert - Anti-Clog Aeration Grid for Mid Small Planter Pots,Excellent Airflow and Drainage to Prevent Root Rot.Stainless Steel, 3 Sets.",$15.99,4.5 out of 5 stars,9 ratings,Only 5 left in stock - order soon.,https://m.media-amazon.com/images/I/61m78dZ5YdL.__AC_SX300_SY300_QL70_ML2_.jpg
"KAXIWEI Planter Box Bracket, Adjustable Hang Window Box Holder Hanging Flower Pot Stand Brackets for Outdoor Patio Garden Balcony Supporting Heavy Planters-6 Pack",$25.99,4.2 out of 5 stars,24 ratings,In Stock,https://m.media-amazon.com/images/I/71VzJlC+KaL._AC_SY300_SX300_QL70_ML2_.jpg
"Plant Saucer Pot Tray 10 inch, 2 Packs Clear Flower Planter Saucers and Drip Trays for Pots Planter, Heavy Duty Plant Dish Pant Plate to Catch Water for Indoor & Outdoor",$12.99,4.8 out of 5 stars,50 ratings,In Stock,https://m.media-amazon.com/images/I/71lWqMwyOGL.__AC_SX300_SY300_QL70_ML2_.jpg
"8PCS Plant Pot Mesh Covers with 8 Ground Stakes, 11.8inch Outdoor Planter Grid Guards, Anti-Digging Soil Covers for Potted Plants, Pets and Squirrels Deterrent - Easy to Install",$18.99,5.0 out of 5 stars,,In Stock,https://m.media-amazon.com/images/I/91zd5QetgvL.__AC_SX300_SY300_QL70_ML2_.jpg
"Aveyas 10 inch Ceramic Plant Pot with Drainage Hole and Saucer - Suitable for Indoor and Outdoor Use, Modern Planters for House Garden Flower Tree Snake Monstera Plants (10"", Matte White)",$59.99,4.7 out of 5 stars,69 ratings,In Stock,https://m.media-amazon.com/images/I/51e56+mvkSL._AC_SY300_SX300_QL70_ML2_.jpg
"Upcycled 8"" Hanging Planter Pot (Muted Coral): Modern Upcycled Hanging Planters for Indoor Plants (1 Pot) - Convenient Drainage Hole with Plug - Lightweight & Durable Design",$24.99,4.6 out of 5 stars,130 ratings,Only 14 left in stock - order soon.,https://m.media-amazon.com/images/I/719jyJVvowL.__AC_SX300_SY300_QL70_ML2_.jpg
"6 Pcs Planter Insert for Large Pots, 9''/11''/12'' Round Stainless Steel Plant Pot Insert with Drainage Hole, Elevate Plants to Reduce Soil Usage for Large Planters and Tall Flower Pots, Silver",$23.39,Previous page of related Sponsored Products,,Only 11 left in stock - order soon.,https://m.media-amazon.com/images/I/71vWJMQYWxL.__AC_SX300_SY300_QL70_ML2_.jpg
"D'vine Dev Modern Black Plants Pot Cylinder Planter with Heavy Duty Stand, X-Large 14 Inch Pot, 19.6 Inch with Stand Height, 96-T-B-4",$123.49,4.4 out of 5 stars,530 ratings,In Stock,https://m.media-amazon.com/images/I/717-3OgcsPL.__AC_SX300_SY300_QL70_ML2_.jpg
"Ceramic Bonsai Pots with Drainage Hole, Set of 2 Rectangular Glazed Bonsai Planters for Indoor/Outdoor Use, Shallow Brown Bonzai Tree Pots for Succulent, Orchids, Cacti, Home, Patio, Garden, 8.7""x5.9""",$32.98,4.6 out of 5 stars,180 ratings,In Stock,https://m.media-amazon.com/images/I/71twwbZeicL.__AC_SX300_SY300_QL70_ML2_.jpg
"Plant Pots with Multi Drainage Holes - 5 Pieces Versatile, Sturdy Plastic, Stackable Design Home Decor Flower Pots for Indoor and Outdoor Gardening - Black",$12.99,4.5 out of 5 stars,660 ratings,In Stock,https://m.media-amazon.com/images/I/71ojf+BcudL._AC_SX300_SY300_QL70_ML2_.jpg
"Ceramic Plant Pots with Drainage Holes and Saucers, Round Flower Pots for Indoor Plant, 3.9/5.2/6.7 Inches Small Flower Planters Set of 3",$25.99,4.6 out of 5 stars,197 ratings,In Stock,https://m.media-amazon.com/images/I/715rD2qduDL.__AC_SX300_SY300_QL70_ML2_.jpg
FaithLand Plant Pot 14 inch - Perfectly Fits Mid-Century Modern Plant Stand - Drainage Plug and Drainage Mesh Screen - Matte White,$77.39,4.5 out of 5 stars,"1,877 ratings",In Stock,https://m.media-amazon.com/images/I/71emdGfjL+L._AC_SY300_SX300_QL70_ML2_.jpg
"Mr. Stacky 1305-HG 5-Tier Stackable Strawberry, Herb, Flower, & Vegetable Planter - Vertical Gardening Indoor / Outdoor Stacking Garden Pots Hunter Green, 22.5 Quarts",$19.58,4.3 out of 5 stars,"5,346 ratings",In Stock,https://m.media-amazon.com/images/I/61ue9T4KMGL.__AC_SX300_SY300_QL70_ML2_.jpg
"GUGUGO Slash Line Plant Pots, Boho Modern Geometric Planters Pots for Indoor Plants, Cute Unique Flower Pot with Drainage, Eclectic Colorful Small Succulent Planter Funky Gardening Pot Gifts, White",$34.99,4.7 out of 5 stars,18 ratings,In Stock,https://m.media-amazon.com/images/I/81tkyFB2afL.__AC_SX300_SY300_QL70_ML2_.jpg
"Ceramic Modern Vase for Home Decor, Elegant Flower Vase Centerpiece for Tables Office Desk, Ceramic 5 inch Plant Pot, Planter for Indoor Plants with Drainage Hole, Flower Pots for Orchid Succulent",,5.0 out of 5 stars,,Currently unavailable.We don't know when or if this item will be back in stock.,https://m.media-amazon.com/images/I/71iLPiD0ASL.__AC_SX300_SY300_QL70_ML2_.jpg
"Ceramic Modern Red Vase for Home Decor, Elegant Flower Vase Centerpiece for Tables Office Desk, Ceramic 5 inch Plant Pot, Planter for Indoor Plants with Drainage Hole, Flower Pots for Orchid Succulent",,4.6 out of 5 stars.,,Currently unavailable.We don't know when or if this item will be back in stock.,https://m.media-amazon.com/images/I/61UlrfRHeSL.__AC_SX300_SY300_QL70_ML2_.jpg
"Ceramic Modern Vase for Home Decor, Elegant Flower Vase Centerpiece for Tables Office Desk, Ceramic 5 inch Plant Pot, Planter for Indoor Plants with Drainage Hole, Flower Pots for Orchid Succulent",,5.0 out of 5 stars,,Currently unavailable.We don't know when or if this item will be back in stock.,https://m.media-amazon.com/images/I/71mbkOm7D3L.__AC_SX300_SY300_QL70_ML2_.jpg
"Ceramic Modern Vase for Home Decor, Elegant Flower Vase Centerpiece for Tables Office Desk, Ceramic 5 inch Plant Pot, Planter for Indoor Plants with Drainage Hole, Flower Pots for Orchid Succulent",$23.99,4.2 out of 5 stars.,,Currently unavailable.We don't know when or if this item will be back in stock.,https://m.media-amazon.com/images/I/71z5c5G7IjL.__AC_SX300_SY300_QL70_ML2_.jpg
"PHYEX 12-Pack 5 Gallon Grow Bags, Heavy Duty Fabric Pots with Handles, Reusable Plant Bags for Vegetable, Herbs & Flowers, BPA-Free, Breathable, Durable",$19.99,4.6 out of 5 stars,"2,167 ratings",In Stock,https://m.media-amazon.com/images/I/81QP6b2BWrL.__AC_SX300_SY300_QL70_ML2_.jpg
"JERIA 200-Pack 4 Inch Plastic Nursery Pots Come with 200 Pcs Labels, Seedling Flower Plant Container and Seed Starting Pots",$15.99,4.5 out of 5 stars,"2,653 ratings",In Stock,https://m.media-amazon.com/images/I/61V810ZofzL.__AC_SX300_SY300_QL70_ML2_.jpg
"13 inch Large Hanging Planters Plant Pots for Outdoor Indoor Plants with Drainage Holes and Chain, 2 Pack Round Hanging Flower Pots for Garden Home Porch Decor, White",$28.49,4.7 out of 5 stars,807 ratings,In Stock,https://m.media-amazon.com/images/I/71wzMzM-70L.__AC_SX300_SY300_QL70_ML2_.jpg
"FaithLand 6-Pack 6-Inch Plastic Plant Pots with Saucers | Thickened PP Material, Modern Wave Texture, Enhanced Drainage for Indoor/Outdoor Garden Plants | Multicolor Value Set",$15.99,4.7 out of 5 stars,274 ratings,In Stock,https://m.media-amazon.com/images/I/71F2AEaH1lL.__AC_SX300_SY300_QL70_ML2_.jpg
"FaithLand 8-Inch Modern Cylinder Planter, Thick-Walled Plastic Plant Pot with Drainage Holes and Detachable Saucer, Matte White, Ideal for Indoor & Outdoor Plants Flowers",$19.99,4.7 out of 5 stars,93 ratings,In Stock,https://m.media-amazon.com/images/I/71kGNIKN6KL.__AC_SX300_SY300_QL70_ML2_.jpg
"6 inch Terracotta & Clay Pots for Plants with Saucer, Medium Terra Cotta Plant Pots with Drainage Hole, Flowerpot with Tray, Terracotta Pot for Indoor Outdoor Plant - Pack of 4 Planters",$19.06,4.7 out of 5 stars,"1,037 ratings",In Stock,https://m.media-amazon.com/images/I/71sxPvtSM3L.__AC_SX300_SY300_QL70_ML2_.jpg
"Set of 2 White Self Watering Hanging Planters for Indoor Outdoor Plants, Sturdy Hanging Pots with Drainage Hole & Plug and 20"" Chain Hanger",$26.95,4.6 out of 5 stars,3 ratings,In Stock,https://m.media-amazon.com/images/I/71EV-xAWMVL.__AC_SX300_SY300_QL70_ML2_.jpg
"3 Piece Ceramic Small Planter for Indoor Plants - Succulent Plant Pots with Drainage Holes and Saucers - 3.4/4.7/6.1 inch Modern Decorative Small Flower Pots for Bamboo, Succulents and Herbs, Green",$31.19,4.8 out of 5 stars,17 ratings,In Stock,https://m.media-amazon.com/images/I/71iQ-VxMRvL.__AC_SX300_SY300_QL70_ML2_.jpg
"Set of 2 Ceramic Planters for Indoor Plants, 4.7+5.7 Inch Vintage Pots without Drainage Hole , Pastoral Rustic Planter Set, Decorative Ceramic Plant Pots for Flower, Indoor Planter Pots for Home Decor",$28.48,5.0 out of 5 stars,12 ratings,In Stock,https://m.media-amazon.com/images/I/81432AN+V5L._AC_SY300_SX300_QL70_ML2_.jpg
"4 + 5 + 6 Inch Ceramic Pots for Indoor Plants, Succulents Plant Pots, Orchid Flower Pot with Drainage Hole, Modern Clay Stoneware Planters, Set of 3 (Milk White, 4+5+6 Inch)",$25.99,4.9 out of 5 stars,32 ratings,In Stock,https://m.media-amazon.com/images/I/71eZYe4zZmL.__AC_SX300_SY300_QL70_ML2_.jpg
"Mrlikale Abstract Face Planter Pot, Unique Head Planter with Detachable Divider and Drainage Hole–Double-Layer Design, 6.5 Inch Hand-Painted Tribal Face Flower Pot for Outdoor and Home Art Decor",$26.99,4.7 out of 5 stars,22 ratings,Only 19 left in stock - order soon.,https://m.media-amazon.com/images/I/71pc35uy8RL.__AC_SX300_SY300_QL70_ML2_.jpg
"24-Pack 5 Gallon Thickened Non-Woven Grow Bags, Aeration Fabric Pots with Handles",$29.99,4.6 out of 5 stars,845 ratings,In Stock,https://m.media-amazon.com/images/I/71tkNbZv9QL.__AC_SX300_SY300_QL70_ML2_.jpg
"wowsome Led 3D Puzzle Vase for Adults Puzzle Planter Pot for Women,3D Art Jar Puzzles for House Flowers Arrangements and Home Decoration (Peony)",$33.59,5.0 out of 5 stars,2 ratings,In Stock,https://m.media-amazon.com/images/I/71yEOM6XdOL.__AC_SX300_SY300_QL70_ML2_.jpg
"11.8 H x 14.5"" Dia (10"" Pot Opening) Plastic Beige Round Planters for Outdoor Plants, Resin Flower Pot for Indoor and Outdoor Plants, Plant Pot with Drainage Holes and Plug for Home Patio Garden",$59.99,4.2 out of 5 stars,49 ratings,In Stock,https://m.media-amazon.com/images/I/712yHKYtk+L._AC_SY300_SX300_QL70_ML2_.jpg
"Ceramic Pots for Plants - 11 Inch Ceramic Planter for Indoor Outdoor, Unique Planters with Drainage Hole, Decorative Flower Pot, House Office Garden Decor, Plants Lover Gifts, Blue",$64.99,4.5 out of 5 stars,59 ratings,In Stock,https://m.media-amazon.com/images/I/71YG9Wf0QGL.__AC_SX300_SY300_QL70_ML2_.jpg
"10 Inch Hanging Planters with Chains 2 Pack Self Watering White Plastic Hanging Pots for Indoor Outdoor Plants, Garden Porch Home Decor (White)",$23.99,4.9 out of 5 stars,30 ratings,In Stock,https://m.media-amazon.com/images/I/61--g2c6ylL.__AC_SX300_SY300_QL70_ML2_.jpg
Gerrii 1000 Pieces 4 Inches Plastic Plants Nursery Pot Bulk Seed Starting Pots Plastic Pots for Plants Succulents Seedlings Cuttings Transplanting (Black),$56.99,4.1 out of 5 stars,18 ratings,Only 4 left in stock - order soon.,https://m.media-amazon.com/images/I/81SUdT1XtcL.__AC_SX300_SY300_QL70_ML2_.jpg
"12 Pack 2.5"" Small Self Watering Pots for Indoor Plants, Mini Clear Plastic Planters, Semi-Hydro, Propagation, Cuttings, Seedlings, Hoya, African Violets, Alocasia, LECA, PON,12 Plant Label",$28.99,4.5 out of 5 stars.,,In Stock,https://m.media-amazon.com/images/I/81NL85Mu13L.__AC_SX300_SY300_QL70_ML2_.jpg
"8PCS Self Watering Planters, 6 Inch Self Watering Pots for Indoor Plants, Self Watering Plant Pot with Drainage Hole and Saucer Reservoir, 2 in 1 Plastic Flower Pot (4 Color)",$29.99,5.0 out of 5 stars,1 rating,In Stock,https://m.media-amazon.com/images/I/71D8OdtHbwL.__AC_SX300_SY300_QL70_ML2_.jpg
"4 Inch Herb Planter Pot, Plastic Planter with Drainage Holes and Saucer, Modern Decorative Gardening Pot for Indoor Plants, Flowers, Herbs, Succulents, Black, Set of 4, 76-Y-B-4",$33.99,4.7 out of 5 stars,197 ratings,In Stock,https://m.media-amazon.com/images/I/81Mmad3se4L.__AC_SX300_SY300_QL70_ML2_.jpg
"QCQHDU Set of 2 Oversized 9 Gallon Round Planters for Front Door & Patio - 12x21 Inch Tall Outdoor/Indoor Plant Pots with Drainage Tray, Gray Faux Stone Textured Tree Planters for Porch Decor",$87.00,4.5 out of 5 stars,78 ratings,In Stock,https://m.media-amazon.com/images/I/81mBxbZDtQL.__AC_SX300_SY300_QL70_ML2_.jpg
"Smiley Face Planter Pot, Cute Coffee Plant Pots for Indoor Outdoor,Unique Rocking Chair Plant Pot for Succulents Plants Live with Drainage Hole,Gift IdeaI for Mother and Appreciation Christmas (Small)",$15.89,4.6 out of 5 stars,201 ratings,In Stock,https://m.media-amazon.com/images/I/71ApNHZFf6L.__AC_SX300_SY300_QL70_ML2_.jpg
"LaLaGreen Bundle- 2 Pack, 10 Inch Hanging Basket with Coco Liner + 10 Pack, 6 Inch Black Metal Pot Outdoor Wall Rail Deck Flower Herb Bucket Patio Porch Balcony Round Planter Farmhouse Style Garden",$23.99,4.2 out of 5 stars.,,Currently unavailable.We don't know when or if this item will be back in stock.,https://m.media-amazon.com/images/I/71bQ5stR54L.__AC_SX300_SY300_QL70_ML2_.jpg
"Flower Pots, 8 Inch Plastic Plant Pots for Plants, Set of 4 Planter for Indoor Outdoor Plants with Drainage Hole, Sleek Small Nursery Planting Pot for Home Garden Outdoor Planters(Blue Glaze)",$23.99,3.7 out of 5 stars,7 ratings,In Stock,https://m.media-amazon.com/images/I/617FPc2T5iL.__AC_SX300_SY300_QL70_ML2_.jpg
"vancasso Ceramic Plant Pots, 4.25+5.25+6.25 Inch Planter Pot with Drainage Hole, Flower Pots for Indoor Outdoor Plants, Set of 3, White",$23.99,4.6 out of 5 stars,71 ratings,In Stock,https://m.media-amazon.com/images/I/71fiwAlEX5L.__AC_SX300_SY300_QL70_ML2_.jpg
"vancasso Ceramic Plant Pots, 4.25+5.25+6.25 Inch Planter Pot with Drainage Hole, Flower Pots for Indoor Outdoor Plants, Set of 3, White",$23.99,4.6 out of 5 stars,71 ratings,In Stock,https://m.media-amazon.com/images/I/71fiwAlEX5L.__AC_SX300_SY300_QL70_ML2_.jpg
